company_name,website,contact_first_name,contact_last_name,contact_title,email,phone,industry,employee_count,annual_revenue,country,state_region,city,lead_source,created_date
Vertexnest LLC,vertexnest.example,Rosa,Moreau,Co-Founder,rosa.moreau@vertexnest.example,2125550154,Software,458,"$97,700,000",US,TX,Austin,Website Form,04/02/2026
Orbitgrid Labs LLC,HTTPS://WWW.ORBITGRID-LABS.EXAMPLE,Chloe,Castellano,VP Sales,Chloe.castellano@orbitgrid-labs.example,,Cybersecurity,28,2500000,United States of America,Washington,SEATTLE,LINKEDIN,"Jan 06, 2026"
Velvetpoint Software Corp,www.velvetpoint.example,UMAR,Garrow,Operations Analyst,umar@velvetpoint.example,+447700900036,,740,86.1m,U.K.,West Yorkshire,Leeds,,11/21/2025
Northstack Labs LLC,https://www.northstack.example/?utm_source=list,Hannah,Iyer,,hannah.iyer@northstack.example,123,Retail,17,1700000,united states,California,San Diego,web form,2026-02-15
Atlasscale Health Limited,HTTPS://WWW.ATLASSCALE.EXAMPLE,Tomasz,Abernathy,Content Marketing Specialist,tomasz.abernathy@atlasscale.example,N/A,MarTech,55,USD 10.5 million,U.S.,CA,San Francisco,Webinar,"Feb 07, 2026"
Silvermark Solutions Corp,https://www.silvermark.example/?utm_source=list,Yara ,Ashworth,"Director, Revenue Operations",yashworth@silvermark.example,+91-94649-55120,cybersecurity,,"$12,400,000",,Karnataka, Bengaluru ,Website Form,2026-07-25T00:00:00
Swiftstack Software,http://swiftstack-software.example/,Mira,Abernathy,HEAD OF MARKETING, mira.abernathy@swiftstack-software.example ,+44 (0)20 7946 0,Healthcare,50-110,14.2m,Great Britain,Bristol,Bristol,LinkedIn,"Sep 03, 2025"
Atlasleaf Labs,,Hugo,Zielinski,Chief Revenue Officer,hzielinski@atlasleaf-labs.example,303-555-0136 x10,Marketing Services,119,,USA,ny,New York,Website Form,2025-11-26
Summitbridge LLC,HTTPS://WWW.SUMMITBRIDGE.EXAMPLE,Isaac,fenwick,"Vice President, Growth",isaac.fenwick37@icloud.com,1-617-555-0148,saas,approx. 95,18.7m,U.S.,Georgia ,ATLANTA,website,2026-03-22
NIMBUSFORGE GROUP,https://nimbusforge-group.example/about,Zara,Iyer,Growth Marketing Manager,zara@nimbusforge-group.example,(212) 555-0142,Software,90-220,,U.S.,CA,San Diego,Website Form,2025-08-12
Nimbuswave Digital,https://www.nimbuswave-digital.example,Maya,Haddad,Head of Demand Generation ,mhaddad@nimbuswave-digital.example,+33 1 99 00 81 19,SaaS,168,,FR,Île-de-France,Paris,Cold Outreach,2026-03-25T00:00:00
Junipersight Analytics inc,www.junipersight.example,Wes,moreau,CEO,wes.moreau81@hotmail.co.uk,(512) 555-0120,HR tech,33,"$5,800,000",U.S.,  Georgia  ,Atlanta,Website Form,
Ridgefield Digital,https://www.ridgefield-digital.example/?utm_source=list,Imani,Blackwood, CEO  ,iblackwood@ridgefield-digital.example,+1 416 555 0168,Logistics,112,undisclosed,Canada,ON,toronto,Referral,2026-03-19T00:00:00
Cobaltpoint,https://cobaltpoint.example/about,Maya,Quintero,VP Sales,maya@cobaltpoint.example,(312) 555-0117,Healthcare,unknown,$58.8M,United States,CA,San Francisco,linkedin,2025/03/28
Sablesight Software Corp,HTTPS://WWW.SABLESIGHT.EXAMPLE,Rosa,Novak,Marketing Manager,rosa.novak@sablesight.example,020 7946 0082,software,160-380,"£60,300,000",GB,West Midlands,Birmingham,LinkedIn,2026/07/02
Swiftstack Software,,Iris,Whitfield,VP Sales,iwhitfield@swiftstack-software.example,07700 900036,,50-110,"£14,200,000",England,Bristol,Bristol,LinkedIn,2025-12-17
Embergrid Labs Ltd,,Rahul,Underwood,"Vice President, Growth",rahul@embergrid.example,01 99 00 67 39,Software,24,3.2m,FR,Auvergne-Rhône-Alpes,Lyon,Referral,2025/05/03
Nimbusstack Inc,,Ethan,Lindqvist,Head of Marketing,elindqvist@nimbusstack.example,1-206-555-0161,SaaS,,$146.9M,united states,MA,Cambridge,Cold Outreach,2026-01-26
Northleaf Solutions Corp.,,Sean,Dunmore,Sales Manager,sdunmore@northleaf-solutions.example,+447700900033,Fintech,10-20,USD 1.9 million,UK,  GREATER LONDON ,London,Referral,"Nov 01, 2025"
Northline Analytics Ltd,http://northline-analytics.example/,Quinn,  Ellery ,Account Executive,quinn@northline-analytics.example,(02) 5550 1423,,10-30,1.9m,Aus,NSW,Sydney,Webinar,07/17/2026
Northleaf Solutions Corporation,www.northleaf-solutions.example,Ruby,Brennan,CEO,Rbrennan@northleaf-solutions.example,+447700900070,Fintech,14,£1.9M,U.K.,Greater London,London,Website Form,2026-07-25
Umbernest Corporation,,yara,Fenwick,operations analyst,yara@umbernest.example,01 99 00 32 97,Software,8739,€1151.2M,FR,Auvergne-Rhône-Alpes,lyon,LINKEDIN,09/04/2025
Silverleaf Commerce Corporation,http://silverleaf.example/,Pablo,FAIRBANKS,Director of Marketing,pablo.fairbanks53@yahoo.com,020 7946 0017,retail,174,USD 45 million,UK,Bristol,Bristol,LinkedIn,2026-04-07T00:00:00
Northmark Group Corp,https://www.northmark.example,Isaac,underwood,Chief Marketing Officer,isaac@northmark.example,+1 404 555 0198,Logistics,,,united states,Colorado,boulder,LinkedIn,2025/01/12
Emberleaf Commerce,https://emberleaf.example/about,iris,iyer,Head of Marketing,iris.iyer@emberleaf.example,1-617-555-0169,HR Tech,unknown,$39.1M,United States,WA,Seattle,website,2025-05-28
Orbitline Health LLC,HTTPS://WWW.ORBITLINE-HEALTH.EXAMPLE,Jordan ,Zielinski,VP of Marketing,jordan at gmail,(303) 555-0153,Healthcare,10-30,"$2,300,000",united states,Colorado,Boulder,Website Form,
Vertexgate Commerce,vertexgate-commerce.example,Tara, O'Donnell ,Content Marketing Specialist,tara.odonnell98@hotmail.co.uk,+91-93898-16586,Logistics,163,"$31,400,000",India,Karnataka,Bengaluru,,2025-05-26
embergrid labs ltd,http://embergrid.example/,Yara,Whitfield,"vice president, growth",yara.whitfield@embergrid.example,01 99 00 21 06,Software,10-30,3200000,,Auvergne-Rhône-Alpes,lyon,Trade Show,01/30/2025
Meadowgate inc,https://www.meadowgate.example/?utm_source=list,Oliver,Underwood,"Director, Revenue Operations",oliver.underwood@meadowgate.example,+1 415 555 0122,Retail,736,"$178,100,000",U.S.,CO,Denver,,07/23/2026
Cobaltline Digital Corp.,HTTPS://WWW.COBALTLINE.EXAMPLE,sean, Nakamura  ,VP Sales,sean@cobaltline.example,1-312-555-0135,MARKETING SERVICES,10-20,"$2,400,000",United States of America,WA,Seattle,Linked In,2026-01-05
Bluestack Group Inc,www.bluestack.example,Marcus,Haddad,CTO,marcus.haddad@bluestack.example,206-555-0186 x26,Healthcare,13,3m,U.S.,TX,Austin,Website Form,2026-08-10
Swiftmark,https://www.swiftmark.example,Wes,Lindqvist,Director of Marketing,wlindqvist@swiftmark.example,512.555.0127,SAAS,265,"$36,200,000",U.S.,MA,Boston,Content Download,"Apr 15, 2025"
  Pinestack Labs ,https://www.pinestack.example,Pablo,Rasmussen,HEAD OF MARKETING,pablo.rasmussen@pinestack.example,02 5550 7462,saas,16,1200000,AU,NEW SOUTH WALES,Sydney ,Referral,2026-04-10
,https://prismloop.example/about,sofia,Brennan,ACCOUNT EXECUTIVE,sofia.brennan@prismloop.example,1-415-555-0158,  FINTECH  ,1-10,$1.2M,United States of America,Texas  ,Houston,outbound,2026-03-12
bluepoint systems ltd,https://www.bluepoint.example,Keira,Hartley,chief marketing officer,<keira.hartley@bluepoint.example>,1-212-555-0172,Cybersecurity,,"$28,600,000",United States of America,California, Los Angeles  ,,25 May 2026
Bluegrid Labs Corp,bluegrid.example,Hugo,Kaur,Chief Marketing Officer,hugo.kaur@bluegrid.example,2125550199,E-commerce,349,"$42,600,000",united states,MA, CAMBRIDGE ,Cold Outreach,2025-05-01T00:00:00
Meadowsight Logistics Corporation,https://www.meadowsight.example/?utm_source=list,Isaac,Sokolov,Director of Marketing,isaac@meadowsight.example,312.555.0127,Software,110,$17.6M,United States of America,MA,Boston  ,Webinar,"Jun 18, 2026"
Ridgeleaf Systems Corp.,https://www.ridgeleaf-systems.example,Liam,Kowalski,Marketing Manager,liam.kowalski@ridgeleaf-systems.example,512-555-0148 x32,Logistics,30-70,5.9m,U.S.,NY,Brooklyn,Referral,2026/08/03
Cobaltworks Analytics,www.cobaltworks-analytics.example,Hannah,Kowalski,Director of Marketing,hannah.kowalski60@hotmail.co.uk,+1 404 555 0160,SaaS,approx. 17,n/a,US,MA,Cambridge,Event,2026-06-30
Cobaltpoint,https://cobaltpoint.example/about,Maya,Quintero,VP Sales,maya@cobaltpoint.example,(312) 555-0117,Healthcare,unknown,$58.8M,United States,CA,San Francisco,linkedin,2025/03/28
Umbernest Corp,http://umbernest.example/,Priya,Iyer,VP of Marketing,piyer@umbernest.example,+33 (0)1 99 00 2583,Software,approx. 8739,€1151.2M,FR,Auvergne-Rhône-Alpes,Lyon,Website Form,13 Feb 2025
NIMBUSSIGHT CORP,,Nathan,GARROW,head of marketing,Ngarrow@nimbussight.example,212.555.0150,hrtech,68,"$13,000,000",United States of America,MASSACHUSETTS,Boston,Cold Outreach,12/06/2025
oakwave corp. ,https://www.oakwave.example,Liam,Underwood,Chief Marketing Officer,Liam.underwood@oakwave.example,212.555.0132,saas,109,$26M,U.S.,New York,Brooklyn,Webinar,2025/06/06
vertexworks partners,HTTPS://WWW.VERTEXWORKS-PARTNERS.EXAMPLE,Jonah,Zielinski,Growth Marketing Manager,jonah@vertexworks-partners.example,(02) 5550 2100,  Marketing Services  ,160+,$37M,Australia,New South Wales,Sydney,Website Form,01/03/2025
Embergrid Labs Ltd,www.embergrid.example,Rahul,Pemberton,Co-Founder,rahul.pemberton.144@embergrid.example,+33 1 99 00 55 65,Software,24,3200000,,Auvergne-Rhône-Alpes,Lyon,Webinar,01/23/2026
Northfield,http://northfield.example/,Pablo,Hartley,VP of Marketing,pablo@northfield.example,+44 20 7946 0005,Cybersecurity,308,£32.4M,GB,Scotland,Glasgow,Trade Show,2025/11/25
Cobaltworks Analytics,https://www.cobaltworks-analytics.example/?utm_source=list,Samuel,Lindqvist,MARKETING MANAGER,slindqvist@cobaltworks-analytics.example,+1 512 555 0110,Software as a Service,10-20,"$2,800,000",United States,Massachusetts,Cambridge,outbound,2025/12/09
juniperstack software limited,http://juniperstack-software.example/,Sean,Delgado,Sales Director,sean.delgado@juniperstack-software.example,+44 (0)20 7946 0043,Education,91,"£12,200,000",Great Britain,West Midlands,Birmingham,outbound,23 Feb 2025
Quartzbridge Partners,,Vera, Moreau  ,Marketing Assistant,Vmoreau@quartzbridge.example,n/a,,33,,US,NY,Brooklyn,Cold Outreach,2026-02-02
Summitgate Partners L.L.C,https://www.summitgate.example,UMAR,Mbeki,SALES MANAGER,UMAR.MBEKI@SUMMITGATE.EXAMPLE,303-555-0189 x87,Cyber Security,10-20,"$1,800,000",United States of America,New York,New York,Content Download,05 Feb 2026
Ironsight Corp.,,Iris,Brennan,Sales Director,iris.brennan@ironsight.example,+61 2 5550 5277,Fintech,32,4.3m,Aus,VIC,Melbourne,Webinar,2025-01-23T00:00:00
Ridgebridge Systems Corp,ridgebridge-systems.example,Chloe,Lindqvist,Operations Analyst,chloe.lindqvist@ridgebridge-systems.example,1-312-555-0134,,948,$229M,U.S.,California,San Francisco,Content Download,2025/08/16
Summitbridge LLC,https://www.summitbridge.example/?utm_source=list,Clara,Novak,Sales Director  ,clara.novak92@gmail.com,, SaaS ,95,$18.7M,USA,GA,Atlanta,Cold Outreach,2025/05/31
Emberforge Digital Corporation,https://www.emberforge.example/?utm_source=list,Yara,Novak,"Director, Revenue Operations", yara.novak@emberforge.example ,02 5550 3004,Hospitality,230-540,78000000,Aus,Victoria,Melbourne,website,26 Oct 2025
BLUEGRID LABS CORP,HTTPS://WWW.BLUEGRID.EXAMPLE,Wes,Nakamura,Director of Marketing,wes.nakamura@bluegrid.example,4155550101,E-commerce,349,$42.6M,USA,MA,Cambridge,Trade Show,2026-05-19
Junipergrid Commerce,http://junipergrid.example/,Kenji,Larkin,Founder & CEO,kenji.larkin@@mail.example,096227 96126,Software,133,$25.4M,India,Karnataka,Bengaluru,Content Download,2025-06-09
 Brightspring Software ,http://brightspring.example/,omar,Fenwick,CEO,omar.fenwick@brightspring.example,+44 20 7946 0098,Retail,2286,undisclosed,,Scotland,Edinburgh,Website Form,"Jan 13, 2026"
Harborloop Labs Ltd,https://www.harborloop.example,Liam,Yardley,Marketing Manager,liam.yardley82@icloud.com,+1 303 555 0179,MARKETING SERVICES,209,$52.9M,United States of America,IL,Chicago,,
Tidalforge Partners LLC,https://tidalforge.example/about,Rosa,Novak,Marketing Assistant,rosa@tidalforge.example,512.555.0191,E-commerce,105,8000000,U.S.,TEXAS,Austin,Content Download,2025/12/19
Ridgeleaf Systems Corp.,https://www.ridgeleaf-systems.example,Lucas,Underwood,"Director, Revenue Operations",lunderwood@ridgeleaf-systems.example,206-555-0109 x16,Logistics,53,5900000,U.S.,NY,Brooklyn,LinkedIn,12/18/2025
 Atlasnest Group Incorporated  ,https://www.atlasnest.example/?utm_source=list,Rosa,Whitfield,VP of Marketing,rwhitfield@atlasnest.example,312-555-0188 x39,Education,26,n/a,United States,New York,Brooklyn,outbound,
Tidalwave,www.tidalwave.example,Mateo,Pemberton,,mpemberton@tidalwave.example,206.555.0158,E-COMMERCE,unknown,"$84,400,000",U.S.,WA ,Seattle,Webinar,2025/03/08
Cobaltpoint,,Maya,Blackwood,Marketing Manager,Maya.blackwood.317@cobaltpoint.example,(312) 555-0180,Healthcare,277,$58.8M,USA,California ,San Francisco,Trade Show,2026-03-04T00:00:00
vertexgate commerce,HTTPS://WWW.VERTEXGATE-COMMERCE.EXAMPLE,Vera, Ashworth  ,CEO,vera.ashworth@vertexgate-commerce.example,094291 33953,Logistics,163,$31.4M,IN,Karnataka,Bengaluru,Webinar,06/14/2026
COPPERGRID GROUP LLC,http://coppergrid.example/,Mira,Sokolov,CHIEF MARKETING OFFICER,mira.sokolov@coppergrid.example,07700 900096,Healthcare,214,,UK,West Yorkshire,Leeds,Website Form,2025/11/19
Tidalpath Systems Corporation,https://www.tidalpath.example/?utm_source=list,Vera,Hartley,Chief Marketing Officer,vera.hartley63@gmail.com,n/a,Fintech,168,39.2m,Canada,QC,Montreal,Cold Outreach,10/12/2025
Bluespring Partners Inc.,HTTPS://WWW.BLUESPRING.EXAMPLE,Leila,Zielinski,Account Executive ,leila.zielinski@bluespring.example,+1 312 555 0162,Marketing Services,580,USD 38.1 million,US,Colorado,Denver,Linked In,02 Aug 2026
clearleaf software inc,http://clearleaf.example/,Aisha,Holloway,Growth Marketing Manager,aisha.holloway@clearleaf.example,2065550194,Healthcare,approx. 373,$48.4M,united states,GA,Atlanta,Cold Outreach,03/15/2025
"Swiftworks Labs, LLC",www.swiftworks-labs.example,Kenji,  Kowalski  ,Marketing Coordinator,Kkowalski@swiftworks-labs.example,+91-93616-71109,SaaS,5539,"$1,317,200,000",India,Karnataka,Bengaluru,web form,
Coppermark LLC,https://www.coppermark.example/?utm_source=list, Freya  ,Abernathy,Head of Marketing,fabernathy@coppermark.example,+1 512 555 0151,Healthcare,123,,United States of America,,Atlanta,linkedin,2026/07/04
Silverleaf Commerce Corporation,https://www.silverleaf.example,Quinn,O'Donnell,CONTENT MARKETING SPECIALIST,quinn.odonnell@silverleaf.example,+44 20 7946 0,Retail,174,USD 45 million,U.K.,Bristol,Bristol ,outbound,01/27/2026
Orbitline Health LLC,https://www.orbitline-health.example,Imani,Zielinski,"Director, Revenue Operations",imani.zielinski@orbitline-health.example,+1 212 555 0172,Healthcare,21,$2.3M,US,Colorado,Boulder,,2025-04-12
  Meadowfield Systems Inc  ,https://meadowfield.example/about,Imani,Delgado,  Chief Marketing Officer  ,idelgado@meadowfield.example,+49 30 279 1034,Marketing Services,276,€27.5M,,Hamburg,Hamburg,tradeshow,2026-01-07
Umbernest Corp,http://umbernest.example/,Priya,Iyer,VP of Marketing,piyer@umbernest.example,+33 (0)1 99 00 2583,Software,approx. 8739,€1151.2M,FR,Auvergne-Rhône-Alpes,Lyon,Website Form,13 Feb 2025
Vertexworks Partners,https://www.vertexworks-partners.example,OLIVER,O'Donnell,Sales Manager,oliver.odonnell@vertexworks-partners.example,+61 2 5550 8284, Marketing Services ,90-220,USD 37 million,Aus,New South Wales,Sydney,Website Form,2025-02-20
Tidalstack,https://tidalstack.example/about,Wes,Novak,VP of Marketing,WNOVAK@TIDALSTACK.EXAMPLE,212.555.0125,SaaS,422,"$60,500,000",US,IL,Chicago,LinkedIn,2025-10-11T00:00:00
Ironline Systems LLC,,Grace,Castellano,Marketing Coordinator,mailto:grace.castellano@ironline.example,07700 900069,,254,,U.K.,,London,Website Form,2025-05-14T00:00:00
Northgrid,,Mateo ,FAIRBANKS,"Vice President, Growth",mateo.fairbanks@northgrid.example,+49 30 144 2103,Software as a Service,unknown,1600000,DE,Berlin,Berlin,tradeshow,2025/01/29
Blueforge Group,https://blueforge.example/about,NATHAN,Larkin,VP of Marketing ,nathan.larkin at gmail,5125550194,Manufacturing,73,16.2m,USA,WA,Seattle,linkedin,2025-06-28
Copperforge,http://copperforge.example/,Wes,Sokolov,Sales Manager,wsokolov@copperforge.example,ask reception,SAAS,,1800000,Canada,on,Ottawa,linkedin,2025-09-01T00:00:00
Oakpath Logistics,oakpath.example,Quinn, Abernathy  ,,quinn.abernathy@oakpath.example,617.555.0143,Education,77,"$12,300,000",US,TX,Houston,Content Download,2025-03-12
Harborline Ltd,https://www.harborline.example,Yara,Blackwood,CEO,yara@harborline.example,01 99 00 92 22,MarTech,unknown,"€19,000,000",FR,Auvergne-Rhône-Alpes,LYON,Cold Outreach,"Jul 25, 2025"
Tidalpoint Commerce Inc,,Yara,Wakefield,Head of Marketing,yara@tidalpoint.example,020 7946 0036,MarTech,14,"£1,900,000",Great Britain,West Midlands, Birmingham ,Webinar,2025-05-29
Harbornest Group Corp,https://www.harbornest-group.example/?utm_source=list,Sean,Hartley,CONTENT MARKETING SPECIALIST,sean.hartley@harbornest-group.example,4155550114,Software,approx. 300,$76.4M,USA,california,San Diego,Website Form,06/01/2025
Ridgegrid Software Inc,,Diego,Pemberton,,diego.pemberton@ridgegrid.example,5125550132,SaaS,141,28.9m,USA,CALIFORNIA,San Francisco,Referral,2026-02-05
Bluestack Partners Inc,bluestack.example,Mira,Iyer,,mira.iyer@bluestack.example,+1 212 555 0110,HR Tech,345,n/a,United States of America,TX,Dallas,Trade Show,05/04/2026
Atlasleaf Software Corporation,www.atlasleaf-software.example,Hannah,Whitfield,SALES MANAGER,hannah.whitfield@atlasleaf-software.example,,hrtech,51,6300000,Aus,Victoria,Melbourne,LinkedIn,2025-11-27T00:00:00
Brightworks Health Inc,,Hugo,Xu,Marketing Coordinator,<hugo@brightworks-health.example>,(212) 555-0168,Fintech,,86700000,US,  Illinois  ,CHICAGO,LinkedIn,2026-08-17
Silverbridge llc,, Imani ,Mbeki,,imbeki@silverbridge.example,,Software,141,,Great Britain,,Glasgow,Website Form,01 Apr 2026
harborspring logistics corporation,harborspring-logistics.example,Aisha,Abernathy,Chief Marketing Officer,aabernathy@harborspring-logistics.example,+49 (0)30 6946703,Cybersecurity  ,164,USD 42.6 million,DE,Hamburg,Hamburg,Cold Outreach,2026-05-25
Sablenest Partners Ltd.,HTTPS://WWW.SABLENEST.EXAMPLE,Vera,Underwood,Content Marketing Specialist,vunderwood@sablenest.example,404-555-0107 x21,Fintech,233,,United States,MA,Boston,outbound,2025-09-30T00:00:00
Orbitloop Labs,HTTPS://WWW.ORBITLOOP.EXAMPLE,Mateo,Yardley,Marketing Manager,mateo.yardley76@icloud.com,(212) 555-0168,SaaS,171,$21.1M,United States of America,TX,Houston,Webinar,2025-05-01
Atlasleaf Software Corp,https://www.atlasleaf-software.example/?utm_source=list,  Rahul  , Iyer  ,VP Sales,rahul.iyer@atlasleaf-software.example,02 5550 5108,HR Tech,51,,AU,Victoria,Melbourne,Website Form,2025/08/11
Swiftstack Systems Corp,www.swiftstack.example,Kenji,Pemberton, VP of Marketing  ,kpemberton@swiftstack.example,097899 99040,Retail,165,$33.2M,IN,Maharashtra,mumbai,LinkedIn,04/01/2025
pinestack labs,pinestack.example,Jordan,Thornbury,  Operations Analyst  ,jordan.thornbury at gmail,02 5550 7009,SaaS,10-20,$1.2M,Australia,NSW  ,Sydney,Website Form,2025-06-09
prismgate commerce l.l.c,www.prismgate.example,Hannah,Dunmore,CTO,hdunmore@prismgate.example,(02) 5550 4163,SaaS,60,"$10,400,000",Aus,NSW,Sydney,outbound,02 Apr 2025
Quartzloop Logistics L.L.C,www.quartzloop.example,Rosa,Novak,Chief Revenue Officer,rosa@quartzloop.example,6175550193,HR Tech,54,$6M,United States of America,New York,New York,LinkedIn,"Jul 17, 2026"
Lumenspring Labs Corp,https://www.lumenspring-labs.example,Marcus,Thornbury,,<marcus@lumenspring-labs.example>,,Software,,,USA,,San Francisco,Webinar,2025-08-16T00:00:00
Lumenspring Labs Corporation,http://lumenspring-labs.example/,Olivia, Xu  ,Sales Director,olivia@lumenspring-labs.example,1-512-555-0142,SOFTWARE,4,$797K,US,CA,San Francisco,Webinar,2026/02/28
Quartznest Digital,,Lucas,Mbeki,CMO,lucas.mbeki@quartznest.example,+33 1 99 00 71 30,Education,45,€4.6M,FR,Auvergne-Rhône-Alpes,Lyon,,2026/06/09
Harborline Ltd,HTTPS://WWW.HARBORLINE.EXAMPLE,Rosa,pemberton, Director of Marketing  ,rosa@harborline.example,+33 (0)1 99 00 1206,,224,,France,,Lyon,Cold Outreach,
Velvetpoint Software Corp,velvetpoint.example,LIAM,KAUR,,liam.kaur82@yahoo.com,+44 20 7946 0029,cybersecurity,740,,United Kingdom,,Leeds,outbound,2026-02-27
Summitgate Software Corporation,HTTPS://WWW.SUMMITGATE.EXAMPLE,quinn,Quintero,Content Marketing Specialist,quinn@summitgate.example,,Cybersecurity,55,undisclosed,UK,Bristol,Bristol,LinkedIn,16 Mar 2026
"Prismgate Commerce, LLC",HTTPS://WWW.PRISMGATE.EXAMPLE,Liam,Haddad,Marketing Coordinator,liam@prismgate.example,+61 2 5550 5583,SaaS,60,10.4m,Australia,NSW,Sydney,outbound,24 Jun 2025
Bluespring Commerce Ltd,http://bluespring.example/,Sofia,Fenwick,  content marketing specialist  ,Sofia.fenwick@bluespring.example,+44 (0)20 7946 0017,Marketing Services,,£30M,England,Bristol,Bristol,Website Form,2026-06-21
Atlasscale Health Ltd,https://www.atlasscale.example,  samuel ,Xu,Chief Marketing Officer,samuel.xu@atlasscale.example,1-312-555-0120,  martech ,approx. 55,"$10,500,000",USA,California,San Francisco,Cold Outreach,08 Nov 2025
tidalsight labs inc,www.tidalsight-labs.example,Marcus,Iyer,"Vice President, Growth",miyer@tidalsight-labs.example,020 7946 0098,Hospitality,63,£15.1M,U.K.,Greater Manchester,Manchester,,2026-04-30T00:00:00
Meadowworks Group LTD,,  Mateo  ,O'Donnell,CEO,modonnell@meadowworks.example,+447700900035,Healthcare,30-70,£12.2M,U.K.,Greater Manchester,Manchester,LinkedIn,2025-06-22T00:00:00
Velvetpoint Software Corp,velvetpoint.example,Elena,Pemberton,Marketing Manager,mailto:Elena@velvetpoint.example,+44 (0)20 7946 0035,Cybersecurity,740,undisclosed,United Kingdom,West Yorkshire,Leeds,Website Form,2025-11-02
N/A,https://lumenleaf.example/about,Marcus,Fairbanks,Sales Director,MARCUS.FAIRBANKS@LUMENLEAF.EXAMPLE,+1 604 555 0105,Healthcare,38,9.2m,CA,quebec,Montreal,Content Download,2025-03-12
Silverfield Analytics,http://silverfield-analytics.example/,PRIYA,Xu,VP Sales,priya.xu47@yahoo.com,+44 20 7946 0059,Education  ,133,"£14,100,000",UK, Greater Manchester  ,Manchester,Webinar,2025-05-07
Copperforge,https://copperforge.example/about,Tomasz,garrow,Marketing Manager,tomasz@copperforge.example,+1 604 555 0,SaaS,9,"$1,800,000",Canada,Ontario,Ottawa,Webinar,
Junipergrid Commerce,http://junipergrid.example/,Ruby,Hartley,Co-Founder,ruby.hartley@junipergrid.example,093423 72829,Software,80-190,,India,Karnataka,Bengaluru,LinkedIn,18 Jan 2026
Copperforge,copperforge.example,Oliver,Yardley,Sales Director,oliver.yardley76@yahoo.com,,saas,9,"$1,800,000",canada,Ontario,ottawa,LinkedIn,2025/12/18
HARBORBRIDGE PARTNERS LTD,HTTPS://WWW.HARBORBRIDGE.EXAMPLE,Vera,Yardley,Marketing Coordinator,vera@harborbridge.example,01 99 00 26 66,Logistics,,,France,Île-de-France,Paris,Website Form,2025-11-07T00:00:00
Ridgeleaf Systems Corp,,Hannah,cromwell,Marketing Manager,hcromwell@ridgeleaf-systems.example,1-212-555-0106,Logistics,30-70,5900000,U.S.,NY,Brooklyn,Referral,2025-01-21
"Meadowgate, Inc.",http://meadowgate.example/,Ruby,FAIRBANKS,Chief Revenue Officer,ruby@meadowgate.example,,Retail,,"$178,100,000",US,Colorado,Denver,Cold Outreach,10 May 2025
SUMMITFIELD CORP,HTTPS://WWW.SUMMITFIELD.EXAMPLE,Leo,Delgado,Head of Marketing,ldelgado@summitfield.example,1-312-555-0131,,approx. 34,"$6,200,000",United States,Georgia,Atlanta ,,2026-08-11
Orbitgate Corp.,https://www.orbitgate.example/?utm_source=list,Kenji,Cromwell,Chief Marketing Officer,Kcromwell@orbitgate.example,(416) 555-0129,HR Tech,approx. 499,$123.3M,Canada,ON,TORONTO,,2026-07-26
Northwave Software,https://northwave-software.example/about,Tara,Quintero,CONTENT MARKETING SPECIALIST,tara.quintero@northwave-software.example,n/a,Hospitality,10-10,1800000,United Kingdom,GREATER LONDON,London,Content Download,2026-05-30T00:00:00
Emberleaf Commerce,,Iris,Iyer,,iris.iyer@emberleaf.example,1-206-555-0169,,243,,USA,WA,,Website Form,2025-05-28
Harborbridge Partners Ltd,https://www.harborbridge.example, Mateo  ,ashworth,CMO,mateo.ashworth45@gmail.com,01 99 00 24 11,logistics,153,€12.6M,France,Île-de-France  ,  Paris ,Referral,2025-11-02
"Atlaswave, Inc.",http://atlaswave.example/,Anika,Haddad,Head of Demand Generation,anika.haddad@atlaswave.example,5125550140,SAAS,127,$28.5M,USA,GA,Atlanta,Website Form,2025-10-18
Tidalsight Labs Inc,https://tidalsight-labs.example/about,Zara,Gallagher,Marketing Manager,zara.gallagher@tidalsight-labs.example,+447700900003,  hospitality ,unknown,15100000,England,Greater Manchester,Manchester,Trade Show,2025-06-23
Summitspring Solutions,http://summitspring.example/,Ruby  ,Delgado,Marketing Assistant,ruby.delgado@summitspring.example,1-617-555-0184,Marketing Services,unknown,1600000,USA,Texas,Dallas,Cold Outreach,"May 30, 2025"
Maplepoint Analytics llc,https://www.maplepoint-analytics.example/?utm_source=list,Mira,Yardley,HEAD OF DEMAND GENERATION,myardley@maplepoint-analytics.example,020 7946 0049,SaaS,151,£32.5M,UK,Bristol,Bristol,Webinar,2025/05/21
Atlasleaf Software Corporation,,Avery,Hartley,Head of Marketing,avery@atlasleaf-software.example,TBD,,,$6.3M,AU,Victoria,,outbound,"Mar 05, 2025"
Orbitspring Systems,orbitspring-systems.example,Mateo,Okafor,Account Executive,mateo@orbitspring-systems.example,07700 900071,Software,unknown,£16.7M,Great Britain,scotland,Edinburgh,Trade Show,2025/09/13
Ridgewave Corp,http://ridgewave.example/,Hannah,Sokolov,"Director, Revenue Operations",hsokolov@ridgewave.example,1-404-555-0160,Marketing Services,170+,USD 32.5 million,United States of America,California,Los Angeles,Linked In,2025-10-10
Swiftstack Software,www.swiftstack-software.example,Iris,Whitfield,VP Sales, iwhitfield@swiftstack-software.example ,,HEALTHCARE,76,,GB,,Bristol,LinkedIn,12/17/2025
Orbitloop Labs,https://www.orbitloop.example/?utm_source=list,Grace,Cromwell ,marketing manager,grace.cromwell@orbitloop.example,212-555-0126 x26,saas,170+,21100000,United States of America,TX  ,Houston,Trade Show,"Aug 07, 2025"
Northstack Corporation,,Tomasz,Moreau,VP of Marketing,tomasz.moreau@northstack.example,4155550167,E-Commerce,307,$22.3M,United States of America,Texas,Dallas,Webinar,12/06/2025
Swiftmark,http://swiftmark.example/,Wes,Lindqvist,Director of Marketing,wes.lindqvist74@hotmail.co.uk,206-555-0127 x16,SaaS ,265,$36.2M,United States,MASSACHUSETTS,Boston,Content Download,2025-04-15T00:00:00
Maplepath Commerce,https://www.maplepath-commerce.example,Priya,Fenwick,Director of Marketing,pfenwick@maplepath-commerce.example,+49 (0)30 2381865,SAAS,78,€8M,Germany,Hamburg  ,Hamburg,LinkedIn,2025-04-02
Orbitpoint Health LTD,HTTPS://WWW.ORBITPOINT-HEALTH.EXAMPLE,NADIA,Jansen,Marketing Coordinator,njansen@orbitpoint-health.example,+91 94397 99126, Fintech ,268,"$44,700,000",India,Maharashtra,Pune,LinkedIn,"Sep 13, 2025"
Harborline Ltd,harborline.example,Rosa, Pemberton ,Director of Marketing,rosa@harborline.example,n/a,MarTech,,"€19,000,000",FR,Auvergne-Rhône-Alpes,Lyon,Cold Outreach,2026-05-14
  Blueforge Group ,www.blueforge.example,Pablo,Fairbanks,,<PFAIRBANKS@BLUEFORGE.EXAMPLE>,(404) 555-0132,Manufacturing,,USD 16.2 million,US,WA,  Seattle  ,Referral,2025-11-09
Meadowsight Systems,,Maya,Garrow,"Vice President, Growth",mgarrow@meadowsight-systems.example,091532 68649,Healthcare,,$21.2M,India,,Bengaluru,,"Sep 12, 2025"
Silvernest Analytics,https://www.silvernest.example/?utm_source=list,Jonah,Underwood,Content Marketing Specialist,junderwood@silvernest.example,(312) 555-0173,Manufacturing,138,$10.3M,U.S.,GA,Atlanta,Website Form,2026-04-15T00:00:00
Maplepath Group llc,https://www.maplepath.example/?utm_source=list,Noah,fenwick,Account Executive,nfenwick@maplepath.example,n/a,Marketing Services,221,undisclosed,AU,New South Wales,Sydney,Referral,2025-11-14
Cobaltpoint,,Elena,Brennan,  Head of Marketing ,elena.brennan@cobaltpoint.example,+1 312 555 0141,Healthcare,,58800000,USA,CA,San Francisco,Cold Outreach,"Jun 17, 2026"
Brightnest Systems LLC,brightnest.example,Olivia, Moreau ,Account Executive,olivia@brightnest.example,+1 514 555 0112,software,approx. 137,undisclosed,Canada,BC,Vancouver,Webinar,2025/06/24
Sablegrid Solutions Limited,www.sablegrid.example,Jordan,Dunmore,VP of Marketing,jordan@sablegrid.example,3125550143,Healthcare,155,$18.7M,United States,  CO ,Boulder,Cold Outreach,"May 21, 2025"
Quartzpath Group Ltd,https://quartzpath-group.example/about,Aisha,Thornbury,Content Marketing Specialist,athornbury@quartzpath-group.example,+1 415 555 0141,MarTech,12,$2M,united states,CO,Denver,Webinar,2025-03-14
Harborline Ltd,http://harborline.example/,Wes,Underwood,Operations Analyst,mailto:wes@harborline.example,+33 1 99 00 69 39,MarTech,224,€19M,FR,Auvergne-Rhône-Alpes,Lyon,LinkedIn,2025-05-16T00:00:00
Northspring,,  Sean ,Kowalski,Director of Marketing,sean.kowalski@northspring.example,1-404-555-0142,Cybersecurity,73,14200000,US,NY,brooklyn,LinkedIn,2026-07-05T00:00:00
Juniperspring Digital,https://www.juniperspring.example,Imani,Ashworth,Chief Marketing Officer,Iashworth@juniperspring.example,093533 57966,MarTech,36,7.9m,IN,Maharashtra,Pune,tradeshow,2025-05-16
Orbitloop Labs,www.orbitloop.example,Marcus,Thornbury,Account Executive,marcus.thornbury@orbitloop.example,1-206-555-0119,SaaS,approx. 171,"$21,100,000",United States,TX,Houston,LinkedIn,04 Jan 2025
Ironspring Commerce,https://www.ironspring.example,Leila,Brennan,VP of Marketing,leila.brennan@ironspring.example,+44 20 7946 0057,MarTech,29,2400000,Great Britain,Scotland,Edinburgh,Cold Outreach,11/06/2025
"Orbitsight Group, LLC",https://orbitsight.example/about,Noah,Rasmussen,Marketing Assistant,nrasmussen@orbitsight.example,+44 20 7946 0010,SaaS,31,USD 6 million,England,Greater London,London,Referral,2025/09/23
Sablemark Logistics Incorporated,https://www.sablemark.example,Samuel,Hartley,Head of Demand Generation,samuel.hartley@sablemark.example,1-312-555-0163,Software,61,11700000,U.S.,Colorado,Denver,Content Download,2025-07-20
Summitspring Solutions,,Priya,Gallagher,,priya.gallagher76@yahoo.com,+1 312 555 0108,Marketing Services,12,,U.S.,tx,,Cold Outreach,2025-11-12
Juniperfield,https://juniperfield.example/about,Keira,Ellery,Sales Director,kellery@juniperfield.example,514.555.0199,Manufacturing,,"$59,100,000",CA,BC,VANCOUVER,Website Form,2025-11-29T00:00:00
prismgate commerce l.l.c,www.prismgate.example,Hannah,Dunmore,CTO,hdunmore@prismgate.example,(02) 5550 4163,SaaS,60,"$10,400,000",Aus,NSW,Sydney,outbound,02 Apr 2025
Umbernest Corporation,https://umbernest.example/about,Wes,Gallagher,SDR,mailto:wes.gallagher@umbernest.example,+33 1 99 00 68 10,Software,,n/a,FR,Auvergne-Rhône-Alpes,Lyon,Linked In,08/18/2025
"Atlasloop Health, LLC",https://www.atlasloop.example/?utm_source=list,Wes,Iyer,VP Sales,wes.iyer@atlasloop.example,(312) 555-0168,SAAS,approx. 75,18000000,United States,CO,Boulder,web form,2026-04-14
Pinestack Labs,,Yara,Hartley,,yhartley@pinestack.example,+61 2 5550 6492,SaaS,10-20,,Australia,New South Wales,Sydney,Webinar,"Mar 16, 2025"
Silverleaf Health Inc,https://www.silverleaf-health.example,Tomasz,Varga,Account Executive,TOMASZ.VARGA@SILVERLEAF-HEALTH.EXAMPLE,+44 20 7946 0018,Manufacturing,100+,21900000,United Kingdom,Greater Manchester,Manchester,Cold Outreach,2025-09-22
Lumenspring Labs Corp,HTTPS://WWW.LUMENSPRING-LABS.EXAMPLE,Freya,Nakamura,Co-Founder,freya.nakamura@lumenspring-labs.example,303.555.0102,Software,4,$797K,united states,CA,san francisco,LinkedIn,"May 14, 2026"
Lumengrid Logistics Ltd,https://www.lumengrid-logistics.example/?utm_source=list,Keira,MOREAU,Marketing Intern,keira.moreau@lumengrid-logistics.example,,Software,140+,USD 14.7 million,USA,Colorado, Boulder  ,,2025/11/19
Junipergate Analytics,www.junipergate-analytics.example,Ethan,Cromwell,Director of Marketing,ethan.cromwell@junipergate-analytics.example,+447700900080,ecommerce,534,47800000,Great Britain,Bristol,Bristol,Referral,11 Oct 2025
Northfield,http://northfield.example/,Keira,Cromwell,CONTENT MARKETING SPECIALIST,keira.cromwell@northfield.example,+44 20 7946 0095,Cybersecurity,180-430,32400000,U.K.,Scotland,Glasgow,website,"Apr 09, 2026"
 Silverloop Incorporated ,https://www.silverloop.example/?utm_source=list,Rosa,jansen,Marketing Manager,rjansen@silverloop.example,+33 (0)1 99 00 1988,,705,"€98,500,000",FR,Île-de-France,paris,Webinar,2025-07-04
Vertexbridge Partners LLC  ,vertexbridge-partners.example,Sean,Dunmore,Sales Manager,sean@vertexbridge-partners.example,,Marketing Services,376,,United States,Colorado  ,Boulder,Referral,2025/07/25
Orbitspring Systems,www.orbitspring-systems.example,Leila,Sokolov,Head of Marketing,leila.sokolov@orbitspring-systems.example,020 7946 0,Software,70,undisclosed,Great Britain,SCOTLAND,Edinburgh,LinkedIn,05/02/2025
Northleaf Solutions Corp,, Keira ,Xu,Marketing Coordinator,<keira.xu@northleaf-solutions.example>,ask reception,Fintech,14,£1.9M,U.K.,Greater London,London,Cold Outreach,05/15/2026
Bluestack Group Inc,http://bluestack.example/,Freya,Garrow,Founder & CEO,freya.garrow@bluestack.example,123,Healthcare,,"$3,000,000",USA,TX,Austin,Linked In,26 Oct 2025
 Bluesight Group Ltd ,https://bluesight.example/about,LIAM,Iyer,"Vice President, Growth",,(02) 5550 2616,Healthcare,162,$25.8M,Aus, New South Wales  ,Sydney,Webinar,2026/05/06
Swiftfield Solutions Ltd.,https://www.swiftfield-solutions.example,Lucas,Brennan, Marketing Manager  ,lucas@swiftfield-solutions.example,+447700900019,Hospitality,160-360,£45.9M,UK,West Midlands,birmingham,Cold Outreach,02/27/2026
Juniperstack Software Ltd,www.juniperstack-software.example,Sean,delgado,,sean.delgado@juniperstack-software.example,,,91,USD 12.2 million,U.K.,West Midlands,,outbound,2025/02/23
Silvermark Solutions Corp,https://www.silvermark.example/?utm_source=list,Pablo,Delgado,Head of Marketing,pdelgado@silvermark.example,+91-98714-39906,Cyber Security,84,12400000,IN,Karnataka,Bengaluru,linkedin,2025-07-30
Quartzloop Logistics LLC,HTTPS://WWW.QUARTZLOOP.EXAMPLE,Diego,Fairbanks,CEO,diego.fairbanks77@yahoo.com,1-212-555-0,HR Tech,unknown,$6M,United States,NY,New York,Website Form,2026-04-29
Northmark Group Corporation,,Elena,Varga,Co-Founder,evarga@northmark.example,206.555.0160,Logistics,160-380,63200000,united states,CO,Boulder,LinkedIn,"Oct 09, 2025"
HARBORBRIDGE PARTNERS LTD.,http://harborbridge.example/,Iris,Okafor,Chief Marketing Officer,iris.okafor@harborbridge.example,01 99 00 78 84,Logistics,153,€12.6M,FR,Île-de-France,Paris,LinkedIn,2026-03-25
Clearstack Systems Ltd,HTTPS://WWW.CLEARSTACK-SYSTEMS.EXAMPLE,Vera,Ellery,CMO,vera.ellery@clearstack-systems.example,n/a,saas,32,€5.6M,FR,Auvergne-Rhône-Alpes,Lyon,tradeshow,03/27/2025
  orbitleaf health corporation  ,https://orbitleaf.example/about,Iris,BLACKWOOD,"Director, Revenue Operations",iblackwood@orbitleaf.example,(206) 555-0179,Manufacturing,approx. 2479,532800000,USA,IL,Chicago,Event,25 May 2025
Cobaltfield Analytics,cobaltfield-analytics.example,Omar,Pemberton,CTO,omar.pemberton10@gmail.com,1-404-555-0132,Logistics,148,$33.8M,united states,IL,Chicago,Webinar,2026/08/12
Emberstack Labs,https://www.emberstack-labs.example,Keira,Gallagher,Sales Manager,<keira.gallagher@emberstack-labs.example>,416.555.0187,MarTech,74,$15.6M,Canada,British Columbia,Vancouver,Webinar,2026-05-03
Pinestack Labs,https://www.pinestack.example,Yara,Hartley,VP Sales,yhartley@pinestack.example,+61 2 5550 8657,SaaS,10-20,"$1,200,000",Aus,NSW,Sydney,Webinar,16 Mar 2025
Orbitloop Labs,https://www.orbitloop.example/?utm_source=list,Mateo,Yardley,Marketing Manager,mateo@orbitloop.example,(212) 555-0168,SaaS,171,n/a,US,Texas,Houston,Webinar,2025-05-01T00:00:00
Juniperforge,https://juniperforge.example/about,Lucas,Novak,Operations Analyst,lucas.novak@juniperforge.example,020 7946 0,Fintech,approx. 70,£15.9M,GB,West Yorkshire,Leeds,Content Download,2026/05/14
Vertexworks Partners,http://vertexworks-partners.example/,Omar,Moreau,"Director, Revenue Operations",omar.moreau@vertexworks-partners.example,+61 2 5550 1404,  Marketing Services ,approx. 156,37000000,Aus,NSW,  sydney  ,Website Form,01/31/2025
Junipergrid Commerce,https://www.junipergrid.example,Nathan,Hartley,VP Sales, nathan.hartley@junipergrid.example ,+91-94066-34252,,130+,,IN,Karnataka,Bengaluru,outbound,06 May 2026
Meadowsight Systems,https://www.meadowsight-systems.example,Maya,Garrow,"Vice President, Growth",Mgarrow@meadowsight-systems.example,ask reception,Healthcare,70-160,,India,Karnataka,Bengaluru,Website Form,2025-09-12T00:00:00
Lumengrid Logistics Limited,https://lumengrid-logistics.example/about,Mira,Xu,Founder & CEO,mira.xu@lumengrid-logistics.example,617-555-0156 x27,Software,143,$14.7M,United States,CO,Boulder,linkedin,20 Feb 2026
Sablenest Partners Ltd,https://www.sablenest.example,Keira,Ellery,CEO,keira.ellery@sablenest.example,n/a, Fintech ,unknown,$37M,U.S.,MA,Boston,Linked In,"Sep 29, 2025"
Silverbridge LLC,http://silverbridge.example/,Jonah,o'donnell,Head of Marketing,Jodonnell@silverbridge.example,+44 20 7946 0081, Software  ,141,34200000,U.K.,scotland,Glasgow,Website Form,11/28/2025
  Sablegrid Group LLC ,https://sablegrid.example/about,Umar,jansen,GROWTH MARKETING MANAGER,umar.jansen@sablegrid.example,N/A,HR Tech,103,"£20,000,000",Great Britain,Greater Manchester,Manchester,Website Form,2026/07/26
Prismgate Commerce LLC,HTTPS://WWW.PRISMGATE.EXAMPLE,Liam,Haddad,Marketing Coordinator,liam@prismgate.example,(02) 5550 4068,,60,10400000,Australia,,,Cold Outreach,"Jun 24, 2025"
Quartzpath Group LTD,www.quartzpath-group.example,Ethan,Moreau,"Director, Revenue Operations",ethan.moreau@quartzpath-group.example,206-555-0147 x46,MarTech,12,USD 2 million,United States of America,CO,Denver,Linked In,16 Apr 2025
Cobaltpoint,,Hugo,Garrow,Head of Marketing,hugo.garrow@cobaltpoint.example,1-415-555-0,Healthcare,277,58800000,United States, California  ,San Francisco,Content Download,17 Dec 2025
 Northline Analytics Limited  ,https://www.northline-analytics.example,QUINN,ELLERY,Account Executive,quinn.ellery48@icloud.com,02 5550 1615,Education,19,1900000,,NSW,Sydney,Webinar,2026-07-17
Meadowsight Systems,HTTPS://WWW.MEADOWSIGHT-SYSTEMS.EXAMPLE,Vera,Moreau,CTO,vera@meadowsight-systems.example,097871 49403,Healthcare,70-160,$21.2M,India,Karnataka,  Bengaluru  ,Webinar,2025/04/29
Embergrid Labs Ltd,http://embergrid.example/,Ruby,Okafor,Marketing Manager,ruby.okafor@embergrid.example,01 99 00 54 93,Software,20+,undisclosed,FR,Auvergne-Rhône-Alpes,Lyon,Cold Outreach,"Apr 11, 2026"
Northfield,https://www.northfield.example/?utm_source=list,Mateo,Hartley,  marketing manager ,mhartley@northfield.example,+44 20 7946 0091,CYBERSECURITY,308,"£32,400,000",England,Scotland,Glasgow,Webinar,2025/04/01
Meadowworks Group Ltd,http://meadowworks.example/,  Diego ,Underwood,Co-Founder,DIEGO.UNDERWOOD@@mail.example,+447700900098,Healthcare,30-70,12.2m,England,Greater Manchester,MANCHESTER,Linked In,2026-06-12T00:00:00
Coppermark LLC,https://www.coppermark.example/?utm_source=list,Freya,Abernathy,Head of Marketing,fabernathy@coppermark.example,+1 303 555 0151,Healthcare,120+,USD 20.1 million,US, GA ,Atlanta,LinkedIn,"Jul 04, 2026"
Clearstack Systems Ltd,https://www.clearstack-systems.example/?utm_source=list,Vera,Ellery,CMO,vera.ellery@clearstack-systems.example,+33 (0)1 99 00 2741,SaaS,,€5.6M,FR,,Lyon,Event,2025-03-27
Swiftmark,https://swiftmark.example/about,CHLOE,Brennan,,chloe.brennan2@icloud.com,+1 303 555 0133,SAAS,265,$36.2M,United States,Massachusetts,Boston,LinkedIn,2025-01-11T00:00:00
Atlasworks LLC,https://atlasworks.example/about,yara,Fenwick,CEO,yara.fenwick@atlasworks.example,1-415-555-0133,E-commerce,250-590,undisclosed,united states,IL,CHICAGO,Webinar,2026-07-07T00:00:00
Ridgefield Digital,www.ridgefield-digital.example,Umar,Rasmussen,CEO,UMAR@RIDGEFIELD-DIGITAL.EXAMPLE,+1 514 555 0171,logistics,,14.8m,CA,ON,Toronto,Linked In,12 Feb 2025
swiftwave logistics ltd,www.swiftwave.example,Mateo,Yardley,VP of Marketing,mateo.yardley@swiftwave.example,212.555.0173,Education,220-500,61.2m,U.S., GA ,Atlanta,,2025-07-14T00:00:00
 Bluesight Health Inc  ,bluesight.example,Chloe,Cromwell,CTO,chloe.cromwell@bluesight.example,+33 (0)1 99 00 7655,Education,71,€8.9M,FR,Île-de-France,Paris,LinkedIn,2025-07-03T00:00:00
Silvernest Analytics,https://www.silvernest.example/?utm_source=list,SAMUEL,Ellery,Marketing Manager,samuel.ellery@silvernest.example,312.555.0174,Manufacturing,138,"$10,300,000",united states,Georgia,Atlanta,LinkedIn,2025-02-22T00:00:00
Silvermark Partners llc,https://www.silvermark.example/?utm_source=list,Zara,Yardley,Chief Revenue Officer,zara.yardley@silvermark.example,604.555.0198,SaaS,183,n/a,CA,QC,montreal,website,"Aug 12, 2026"
Meadowmark Software,https://www.meadowmark-software.example,Vera, Garrow ,Sales Manager,Vera.garrow@meadowmark-software.example,n/a,non profit,141,USD 19.7 million,U.S.,NY,New York,Website Form,2025/07/01
BLUEFORGE HEALTH CORP,https://www.blueforge.example/?utm_source=list, Liam ,O'Donnell,VP of Marketing,liam.odonnell42@outlook.com,(206) 555-0152,Fintech,21,USD 5.3 million,united states,NY,Brooklyn,Cold Outreach,2026/01/20
Meadowsight Systems,https://www.meadowsight-systems.example,Grace,FAIRBANKS,Sales Director ,Grace.fairbanks@meadowsight-systems.example,n/a,Healthcare,approx. 117,undisclosed,IN,KARNATAKA,Bengaluru,LinkedIn,"Mar 30, 2026"
"Blueleaf Solutions, LLC",,Clara,Yardley,account executive,clara.yardley@blueleaf-solutions.example,1-212-555-0176,Marketing Services,104,USD 24.8 million,USA,GA,Atlanta,LINKEDIN,20 Aug 2026
Summitbridge llc,http://summitbridge.example/,Quinn,Wakefield,Chief Revenue Officer,qwakefield@summitbridge.example,212.555.0173,saas,60-130,undisclosed,United States of America,GA  ,Atlanta,Trade Show,20 Dec 2025
Prismstack Solutions Corporation,http://prismstack.example/,Liam,Holloway,Operations Analyst,LHOLLOWAY@PRISMSTACK.EXAMPLE,(212) 555-0152, FINTECH  ,92,$23.1M,US,Massachusetts,Cambridge,LinkedIn,2025-12-25
"blueleaf solutions, llc",,Nadia,Kaur,Operations Analyst,nkaur@blueleaf-solutions.example,+1 617 555 0145,Marketing Services,104,"$24,800,000",US,Georgia,ATLANTA,Trade Show,
BLUESPRING COMMERCE LIMITED,https://www.bluespring.example/?utm_source=list,Olivia,Whitfield,growth marketing manager,mailto:olivia@bluespring.example,+44 20 7946 0034,Marketing Services,117,30m,Great Britain,Bristol,Bristol,linkedin,2025-12-04
orbitgrid labs llc,orbitgrid-labs.example,Isaac,Mbeki,Co-Founder,imbeki@orbitgrid-labs.example,206-555-016,Cyber Security,28,$2.5M,united states,WA,Seattle,Content Download,2026-04-20T00:00:00
Swiftworks Labs LLC,,hugo,Larkin,VP Sales,hlarkin@swiftworks-labs.example,+91-91309-10969,saas,3320-7750,undisclosed,IN,Karnataka,Bengaluru,Referral,21 Jan 2026
Ridgeline Systems,ridgeline-systems.example,Mateo,Abernathy,CEO,<MATEO.ABERNATHY@RIDGELINE-SYSTEMS.EXAMPLE>,(02) 5550 2298,Software,unknown,87400000,Aus,VIC,Melbourne,Webinar,2025/05/14
Pinebridge Commerce Incorporated,,hugo,Whitfield,VP of Marketing,hugo.whitfield at gmail,TBD,SAAS,256,€55.7M,Germany,Bavaria,  Munich ,web form,20 Apr 2025
  Pinepoint Group Corp.  ,HTTPS://WWW.PINEPOINT.EXAMPLE,Hugo,Rasmussen,sales director,,+447700900020,SOFTWARE,42,£5.7M,United Kingdom,West Midlands,Birmingham,LinkedIn,06/03/2026
Pinepoint Group Corp,,Rahul,Ashworth,VP of Marketing,rahul.ashworth53@gmail.com,N/A,Software,42,£5.7M,UK,West Midlands,Birmingham,Referral,01/10/2025
Bluesight Health Incorporated,,UMAR,Haddad,Marketing Manager,umar@bluesight.example,,,70+,€8.9M,FR,Île-de-France,PARIS,Content Download,2025-10-31
Bluestack Group Inc,,diego,SOKOLOV, VP of Marketing ,diego.sokolov@bluestack.example,312-555-0167 x94,HEALTHCARE,13,undisclosed,US,Texas,Austin,Linked In,2026-07-11
Quartzbridge Partners,https://www.quartzbridge.example/?utm_source=list,Freya,Sokolov,Director of Marketing,fsokolov@quartzbridge.example,(212) 555-0126,hrtech ,,$4.8M,United States of America,NY,Brooklyn,Event,2025-11-21
"Northstack Labs, LLC",HTTPS://WWW.NORTHSTACK.EXAMPLE,Lucas,Holloway,Marketing Manager,lholloway@northstack.example,212-555-0155 x83,retail,10-20,$1.7M,United States of America,California,san diego,Webinar,2025-12-17
Northmark Group Corp,,Rahul,brennan,Content Marketing Specialist,rahul.brennan@northmark.example,+1 617 555 0157,Logistics,270,USD 63.2 million,united states,CO,BOULDER,LinkedIn,2026-05-26
BLUESPRING COMMERCE LTD,HTTPS://WWW.BLUESPRING.EXAMPLE,Avery,castellano,vp sales,Avery.castellano@bluespring.example,07700 900084,Marketing Services,117,USD 30 million,GB,Bristol,Bristol,Website Form,04/21/2025
Swiftwave Logistics Ltd,,Mira,Garrow,VP Sales,mgarrow@swiftwave.example,1-312-555-0188,Education,360,n/a,US,GA, Atlanta  ,LinkedIn,11/05/2025
Lumenspring Labs Corp.,https://lumenspring-labs.example/about,marcus,Thornbury,,marcus@lumenspring-labs.example,1-512-555-0173,Software,4,,United States,California,San Francisco,Webinar,2025/08/16
Emberloop Health Ltd,,Mateo,Hartley,VP Sales,MATEO.HARTLEY@EMBERLOOP-HEALTH.EXAMPLE,+49 (0)30 2284568,Healthcare,37,,,Hamburg,Hamburg,LinkedIn,
Maplepath Commerce,https://maplepath-commerce.example/about,Nadia,Blackwood,CEO,nadia.blackwood@maplepath-commerce.example,+49 30 989 5272,SaaS,78,,DE,HAMBURG,Hamburg,Webinar,26 Aug 2025
Tidalpoint Commerce Inc,http://tidalpoint.example/,Liam,Underwood,Co-Founder,liam.underwood@tidalpoint.example,+44 20 7946 0083,MarTech,14,1900000,Great Britain,West Midlands,Birmingham,web form,2026-06-22
Blueforge Health Corp,https://www.blueforge.example/?utm_source=list,Liam,O'Donnell,VP of Marketing,liam.odonnell@blueforge.example,(206) 555-0152,Fintech  ,21,undisclosed,USA,New York,BROOKLYN,Cold Outreach,20 Jan 2026
Harborscale Health Ltd,http://harborscale-health.example/,Quinn,Jansen,Marketing Manager,quinn.jansen@harborscale-health.example,+44 20 7946 0024,NON PROFIT,approx. 67,£15.8M,U.K.,WEST YORKSHIRE,Leeds,Website Form,07 Apr 2026
Tidalstack,HTTPS://WWW.TIDALSTACK.EXAMPLE,Avery,Abernathy  ,Content Marketing Specialist,aabernathy@tidalstack.example,2065550161,,422,60500000,U.S.,Illinois,Chicago,Website Form,13 Mar 2025
  Prismgate Commerce L.L.C  ,https://prismgate.example/about,kenji,Wakefield,CTO,kenji.wakefield@prismgate.example,02 5550 9665,SAAS,60+,10400000,Aus,New South Wales,Sydney,linkedin,2025-07-05
Prismbridge Logistics,,Hannah,Jansen,Marketing Intern,hannah.jansen@prismbridge.example,+44 (0)20 7946 0043,MarTech,110-250,32300000,U.K.,West Yorkshire,Leeds,Website Form,
nimbusgrid group ltd,,Vera,Ellery,Sales Director,vera.ellery@nimbusgrid-group.example,,,193,"$43,100,000",US,GA,Atlanta,Cold Outreach,2026/06/18
SWIFTFIELD SOLUTIONS LTD,swiftfield-solutions.example,Keira,  Sokolov ,Sales Director,ksokolov@swiftfield-solutions.example,+44 20 7946 0089, Hospitality  ,260,£45.9M,UK,West Midlands,Birmingham,Referral,02/20/2025
Nimbuswave Digital,nimbuswave-digital.example,Ethan,DUNMORE,VP of Marketing,ethan.dunmore@nimbuswave-digital.example,+33 (0)1 99 00 1834,saas,approx. 168,USD 16.1 million,FR,Île-de-France,PARIS,LinkedIn,2025-04-13
Prismscale Systems,https://www.prismscale-systems.example,Ethan  , Fenwick  ,Account Executive,efenwick@prismscale-systems.example,n/a,Healthcare,15,$2.1M,United States,CA,Los Angeles,website,2025-08-17
Tidalpath Systems Corp,http://tidalpath.example/,Noah,Ashworth,Founder & CEO,noah.ashworth@tidalpath.example,416.555.0173,Fintech,100-240,"$39,200,000",Canada,Quebec,Montreal,Event,2026-07-16T00:00:00
Brightspring Software,https://brightspring.example/about,Yara,Moreau,VP Sales,yara.moreau@brightspring.example,+447700900098,Retail,~2k,557.6m,England,SCOTLAND,Edinburgh,Content Download,23 Oct 2025
Atlasscale Health LTD,https://www.atlasscale.example/?utm_source=list,Freya,Kaur,Director of Marketing,freya.kaur53@gmail.com,+1 617 555 0199,MarTech,approx. 55,10500000,United States,California,San Francisco,Referral,
Northline Analytics Ltd,HTTPS://WWW.NORTHLINE-ANALYTICS.EXAMPLE,Liam,Nakamura,ceo,liam@northline-analytics.example,+61 2 5550 7038,Education,10-30,,Australia,New South Wales,Sydney,web form,2026-04-15T00:00:00
Emberscale Group,https://www.emberscale.example,Liam,Jansen,Marketing Manager,liam.jansen@emberscale.example,+1 312 555 0167,cybersecurity,947,202500000,USA,NY,New York,Cold Outreach,2025-01-13
atlasscale health ltd,https://www.atlasscale.example,Omar,Lindqvist,VP of Marketing,omar@atlasscale.example,415-555-0168 x69,MarTech,unknown,$10.5M,US,California,San Francisco,Website Form,02/10/2025
silverbridge l.l.c,https://www.silverbridge.example,  IMANI  ,Mbeki,Marketing Manager,imbeki@silverbridge.example,+44 20 7946 0050,,141,n/a,GB,Scotland,Glasgow,Website Form,2026/04/01
Orbitsight Group llc,www.orbitsight.example,Tara,Underwood,marketing manager,tara.underwood@orbitsight.example,07700 900024,saas,approx. 31,6000000,England, Greater London ,London,LinkedIn,
Silverfield Analytics,https://www.silverfield-analytics.example/?utm_source=list,Hugo,Novak,Head of Marketing,hugo.novak@silverfield-analytics.example,+44 (0)20 7946 0020,  EDUCATION  ,130+,14100000,,GREATER MANCHESTER,Manchester,LinkedIn,2025-12-27T00:00:00
Lumenleaf Logistics,https://www.lumenleaf.example/?utm_source=list,  Umar  ,Kowalski ,Sales Director,<UMAR.KOWALSKI@LUMENLEAF.EXAMPLE>,(604) 555-0105,,38,9200000,canada,Quebec,Montreal,Cold Outreach,2025/01/13
 ,https://atlasscale.example/about,Freya,Kaur,Director of Marketing,freya.kaur@atlasscale.example,+1 206 555 0199,MARTECH,55,,United States,California,San Francisco,Referral,2026/01/24
Northfield,HTTPS://WWW.NORTHFIELD.EXAMPLE,Ethan,Zielinski,CTO,ETHAN.ZIELINSKI@NORTHFIELD.EXAMPLE,020 7946 0060,cybersecurity,approx. 308,£32.4M,UK,Scotland,glasgow,Referral,2025/12/25
Meadowsight Systems,meadowsight-systems.example,maya, Abernathy  ,Chief Revenue Officer,maya.abernathy@meadowsight-systems.example,098588 05605,healthcare,117,$21.2M,IN,Karnataka,Bengaluru,Website Form,2025/10/25
Pinegate Group Ltd,https://www.pinegate.example/?utm_source=list,Anika,  Wakefield ,VP Sales,unknown,020 7946 0083,Fintech,,,U.K.,Scotland  ,Glasgow,LinkedIn,2026-06-11T00:00:00
Ironleaf Labs,HTTPS://WWW.IRONLEAF-LABS.EXAMPLE,Yara,Zielinski,,Yara.zielinski@ironleaf-labs.example,+1 512 555 0114,  Manufacturing  ,122,n/a,US,Colorado,Boulder,Website Form,11 Jul 2026
Meadownest Logistics,meadownest.example,Oliver,Kaur,Marketing Manager,oliver.kaur@meadownest.example,,ecommerce,33,$4.2M,India,  Maharashtra ,Mumbai,tradeshow,2025-09-24T00:00:00
  Prismgate Logistics Corp ,HTTPS://WWW.PRISMGATE.EXAMPLE,Umar,Castellano,Marketing Coordinator,umar.castellano@prismgate.example,1-303-555-0111,Software,283,61000000,US,Massachusetts ,Boston,website,10 May 2026
Blueforge Health Corp,https://blueforge.example/about,Nadia,Haddad,CEO,nadia.haddad@blueforge.example,n/a,Fintech,unknown,"$5,300,000",US,New York,brooklyn,Referral,"Aug 04, 2026"
Blueforge Group,blueforge.example,Pablo,Fairbanks,CEO,pfairbanks@blueforge.example,,Manufacturing,40-100,undisclosed,U.S.,WA,Seattle,Referral,
Prismscale Systems,https://www.prismscale-systems.example/?utm_source=list,Maya,Nakamura,vp of marketing,maya.nakamura@prismscale-systems.example,303.555.0164,Healthcare,15,2100000,US,CA,Los Angeles,tradeshow,"Jun 03, 2025"
Juniperleaf Health,https://juniperleaf-health.example/about,Quinn,Thornbury,VP of Marketing, quinn.thornbury@juniperleaf-health.example ,+44 20 7946 0001,HR Tech,4110-9590,"£794,100,000",GB,Scotland,Edinburgh,Trade Show,12 Mar 2025
Ironworks Solutions Ltd,https://www.ironworks-solutions.example,Marcus,HADDAD,Marketing Coordinator,mhaddad@ironworks-solutions.example,,  Marketing Services  ,40,$3.5M,AU,New South Wales,Sydney,Website Form,2025/11/17
Swiftmark,https://swiftmark.example/about,Chloe,Brennan,Head of Demand Generation,chloe.brennan@swiftmark.example,+1 312 555 0133,,265,$36.2M,United States,  MA  ,Boston,LinkedIn,11 Jan 2025
Brightnest Systems L.L.C,https://www.brightnest.example/?utm_source=list,olivia,  Moreau  ,,OLIVIA@BRIGHTNEST.EXAMPLE,(416) 555-0112,,,"$30,100,000",Canada,BC ,Vancouver,Webinar,
Bluesight Labs Ltd,HTTPS://WWW.BLUESIGHT.EXAMPLE,Keira,Okafor,Sales Manager,keira.okafor.207@bluesight.example,4155550136,  Marketing Services  ,14,3m,,Illinois,Chicago,Content Download,08/10/2025
 Ridgeline Systems  ,https://ridgeline-systems.example/about,Ethan,Sokolov,,ETHAN.SOKOLOV@RIDGELINE-SYSTEMS.EXAMPLE,02 5550 1119,Software,unknown,,Australia,Victoria,Melbourne,web form,2025-09-27T00:00:00
Maplegrid Systems,http://maplegrid-systems.example/,Avery,Sokolov,,avery.sokolov18@outlook.com,(512) 555-0161,Software,20,undisclosed,united states,Massachusetts,Cambridge,LinkedIn,"Jul 03, 2026"
 Atlaswave Inc ,,Isaac,Thornbury,Sales Manager,isaac.thornbury@atlaswave.example,,Software as a Service,80-180,28500000,USA,GA,ATLANTA,Website Form,
Junipergrid Commerce,https://junipergrid.example/about,Quinn,Novak,Chief Revenue Officer,qnovak@junipergrid.example,+91-97846-60972,Software,133,25400000,IN,Karnataka,Bengaluru,Website Form,20 Nov 2025
Silvermark Solutions Corp,silvermark.example,Leo,Yardley,content marketing specialist,leo@silvermark.example,+91 96772 67622,Cybersecurity,84,12.4m,IN,Karnataka,Bengaluru,Trade Show,2025-06-27T00:00:00
Silverloop Inc,HTTPS://WWW.SILVERLOOP.EXAMPLE,Elena,Okafor,CEO,elena.okafor@silverloop.example,+33 1 99 00 31 18,Software,700+,98.5m,France,Île-de-France,Paris,LinkedIn,2025-03-03
Sablegrid Group LLC,sablegrid.example,Hannah,brennan, Head of Marketing  ,hannah.brennan@sablegrid.example,07700 900012, hrtech  ,103,20000000,Great Britain,Greater Manchester,Manchester,LinkedIn,2026-04-30T00:00:00
Tidalforge Partners llc,http://tidalforge.example/,Sofia,Brennan,sdr,sofia.brennan88@yahoo.com,5125550159,E-commerce,105,$8M,USA,TX,austin,LinkedIn,14 Nov 2025
Emberleaf Commerce,,Felix,Brennan,Head of Demand Generation,fbrennan@emberleaf.example,(206) 555-0197,HR Tech,243,,US,WA,Seattle,Referral,2025-03-03T00:00:00
Bluepath Corporation,www.bluepath.example,Pablo,Hartley,Co-Founder,pablo.hartley96@icloud.com,+1 404 555 0109,  Software ,160,"$32,000,000",U.S.,california,San Diego,Website Form,2026-05-30
Cobaltpoint,,Rahul,Moreau,SDR,rahul.moreau@cobaltpoint.example,5125550114,,277,$58.8M,US,CA,San Francisco,Webinar,2025-02-26T00:00:00
Bluesight Labs Limited,bluesight.example,Aisha,Garrow, Head of Demand Generation ,agarrow@bluesight.example,212.555.0163,Marketing Services,10-20,$3M,U.S.,IL,Chicago,Referral,2025-03-04T00:00:00
Vertexworks Partners,https://www.vertexworks-partners.example,Clara,Rasmussen,,crasmussen@vertexworks-partners.example,02 5550 3182,  MARKETING SERVICES  ,90-220,$37M,Australia,NSW,Sydney,outbound,2026/05/18
Clearleaf Software inc,https://www.clearleaf.example,Hugo,Novak,Growth Marketing Manager,hugo.novak@clearleaf.example,212-555-0171 x88,Healthcare,373,,US,GA,Atlanta,Webinar,2025-08-02T00:00:00
Velvetpoint Software Corp,www.velvetpoint.example,Liam,Kaur,Growth Marketing Manager,liam.kaur82@yahoo.com,+44 20 7946 0029,Cyber Security,,86.1m,Great Britain,West Yorkshire,Leeds,outbound,2026-02-27T00:00:00
Nimbuswave Digital,https://www.nimbuswave-digital.example,Maya,Haddad,Head of Demand Generation ,mhaddad@nimbuswave-digital.example,+33 1 99 00 81 19,SaaS,168,,FR,Île-de-France,Paris,Cold Outreach,2026-03-25T00:00:00
  Northwave Software  ,HTTPS://WWW.NORTHWAVE-SOFTWARE.EXAMPLE,Priya,delgado,"Director, Revenue Operations",priya@northwave-software.example,+44 20 7946 0084,HOSPITALITY,10,"£1,800,000",U.K.,Greater London,London  ,Cold Outreach,2025-06-16
Clearleaf Ltd,www.clearleaf.example,imani,Xu,Account Executive,imani.xu@clearleaf.example,+33 1 99 00 57 61,Healthcare,27,3700000,FR,Auvergne-Rhône-Alpes,Lyon,LinkedIn,2026-06-28T00:00:00
,,Clara,Rasmussen,CMO,clara.rasmussen@ironline.example,206.555.0104,,unknown,18700000,United States,Illinois,Chicago,Webinar,2026/03/06
Harborspring Logistics Corporation  ,www.harborspring-logistics.example,Avery,Kowalski,Sales Manager,avery@harborspring-logistics.example,+49 (0)30 7429143,,,42.6m,DE,Hamburg,Hamburg,outbound,30 Mar 2026
Oakwave Corp,https://oakwave.example/about,Tomasz,Ashworth,Sales Director,tashworth@oakwave.example,n/a,SAAS,109,"$26,000,000",United States of America,New York,Brooklyn,Cold Outreach,"Apr 22, 2026"
Vertexworks Partners,https://www.vertexworks-partners.example/?utm_source=list,Umar,Castellano,Founder & CEO,ucastellano@vertexworks-partners.example,(02) 5550 3539,Marketing Services,unknown,"$37,000,000",Australia,New South Wales,Sydney,Content Download,"Apr 10, 2025"
Lumenleaf Logistics,HTTPS://WWW.LUMENLEAF.EXAMPLE,Vera,Cromwell,Account Executive,vera.cromwell@lumenleaf.example,ask reception,Healthcare,38,$9.2M,CA,QC,Montreal,Webinar,26 Jan 2025
Bluespring Commerce Limited,www.bluespring.example,Maya,Novak,Sales Manager,maya.novak@bluespring.example,+44 (0)20 7946 0056,,approx. 117,USD 30 million,England,Bristol,Bristol,Referral,2025-05-15T00:00:00
Ridgewave Corp,www.ridgewave.example,samuel,Wakefield,Account Executive,swakefield@ridgewave.example,1-303-555-0181,Marketing Services,169,$32.5M,United States of America,CA,  Los Angeles  ,Content Download,2025-10-08
Tidalpath Systems Corporation,,Noah,Ashworth,FOUNDER & CEO,noah.ashworth@tidalpath.example,604.555.0173,,,39.2m,CA,QC,Montreal,Trade Show,"Jul 16, 2026"
 ,www.sablesight.example,Isaac,Larkin,VP Sales,ISAAC.LARKIN@SABLESIGHT.EXAMPLE,020 7946 0073,Software,160-380,,Great Britain,West Midlands,Birmingham,Referral,2026-05-24
Blueforge Logistics LTD,www.blueforge.example,Tomasz  ,Kowalski, Growth Marketing Manager ,Tkowalski@blueforge.example,415.555.0119,Software,322,,U.S.,Colorado,Denver,Content Download,2026-06-08
Harbornest Group Corp,www.harbornest-group.example,Vera,Kaur,Marketing Coordinator,<vera.kaur@harbornest-group.example>,206.555.0,Software,300,$76.4M,USA,CA,San Diego,outbound,2026-01-12
Atlasworks LLC,,Keira,Whitfield,HEAD OF MARKETING,keira.whitfield at gmail,,E-commerce,423,"$40,700,000",US,  IL  ,Chicago,Webinar,2026-05-31
Swiftmark,https://www.swiftmark.example/?utm_source=list,priya,Abernathy,Marketing Coordinator,priya.abernathy@swiftmark.example,,SaaS,,n/a,U.S.,Massachusetts,Boston,LinkedIn,"May 04, 2025"
Bluesight Health Inc,https://www.bluesight.example,priya,Xu,Marketing Coordinator,priya.xu@bluesight.example,+33 (0)1 99 00 5577,Education,70+,€8.9M,France,Île-de-France,PARIS,LinkedIn,2025/02/15
Orbitloop Labs,http://orbitloop.example/,Hugo,castellano,Marketing Coordinator,hugo.castellano17@yahoo.com,312-555-0125 x26, SaaS  ,170+,"$21,100,000",US,TX,Houston  ,LinkedIn,2025-07-16T00:00:00
  Ironline Systems L.L.C  ,HTTPS://WWW.IRONLINE.EXAMPLE,ELENA,larkin,,elarkin@ironline.example,,Software,150-360,"£63,400,000",Great Britain,Greater London,London,linkedin,02/28/2026
NORTHSPRING,https://northspring.example/about,Liam,Abernathy,,liam@northspring.example,2065550173,Cyber Security,73,14200000,United States,NY,Brooklyn,website,2026-03-30
Vertexworks Partners,https://vertexworks-partners.example/about,Felix,Wakefield,Sales Director,felix.wakefield@vertexworks-partners.example,,Marketing Services,156,USD 37 million,Australia,New South Wales,Sydney,LinkedIn,
Velvetspring Software Ltd.,https://www.velvetspring.example/?utm_source=list,Keira,Whitfield,Chief Revenue Officer,keira.whitfield66@yahoo.com,01 99 00 3,Healthcare,120-270,42800000,FR,Auvergne-Rhône-Alpes,Lyon,tradeshow,2025-06-05
Vertexgate Commerce,www.vertexgate-commerce.example,Marcus, Moreau ,Sales Manager,marcus.moreau@vertexgate-commerce.example,094133 66620,Logistics,163,31400000,India,Karnataka,Bengaluru,Content Download,14 Sep 2025
Bluespring Commerce LTD,,Sofia,Fenwick, Content Marketing Specialist  ,sofia.fenwick@bluespring.example,020 7946 0017,,,30000000,England,,Bristol ,web form,21 Jun 2026
Ironline Solutions,https://www.ironline.example,Ethan,Delgado,Sales Manager,ethan.delgado81@outlook.com,+33 (0)1 99 00 2102,SAAS,30+,USD 8.4 million,FR,Auvergne-Rhône-Alpes,Lyon,LINKEDIN,04 Apr 2025
 Emberworks Digital ,https://www.emberworks-digital.example,Sofia,Sokolov,"Director, Revenue Operations",sofia@emberworks-digital.example,1-312-555-0146,non profit,20-40,3200000,USA,ga,Atlanta,,2025/06/26
Atlasscale Health Limited,atlasscale.example,Omar,Lindqvist,,omar@atlasscale.example,123,,55,,USA,,San Francisco,Website Form,2025-02-10T00:00:00
N/A,,Marcus,kaur,VP Sales,marcus@sablesight.example,+447700900056,Software,268,£60.3M,UK,West Midlands,Birmingham,LinkedIn,2025-07-25
Northfield Analytics Corp.,HTTPS://WWW.NORTHFIELD-ANALYTICS.EXAMPLE,Omar,Mbeki,,OMBEKI@NORTHFIELD-ANALYTICS.EXAMPLE,+1 212 555 0105,  cybersecurity ,20-50,2.4m,United States of America,GA,Atlanta,Content Download,2025-07-15T00:00:00
MAPLESCALE GROUP LTD,maplescale-group.example,Jonah,Moreau,account executive,jmoreau@maplescale-group.example,+1 512 555 0153,E COMMERCE,285,$37.7M,U.S.,NY,Brooklyn  ,Content Download,05/02/2026
Meadowmark Software,https://www.meadowmark-software.example,Maya,Haddad,Content Marketing Specialist,mhaddad@meadowmark-software.example,,Nonprofit,140+,,USA,NY,New York,Referral,"Aug 19, 2025"
silverleaf commerce corp,silverleaf.example,Ethan,xu,"vice president, growth",ethan@silverleaf.example,+44 (0)20 7946 0000,RETAIL,174,£45M,GB,Bristol,Bristol,Cold Outreach,2025-04-06
Bluesight Health Incorporated,https://www.bluesight.example,Imani,Yardley  ,Account Executive,imani.yardley@bluesight.example,+33 (0)1 99 00 7299,Education,40-100,8.9m,FR,Île-de-France,Paris,tradeshow,"Apr 08, 2025"
Silvernest Analytics,https://www.silvernest.example,olivia,Ellery,Marketing Manager,olivia.ellery@silvernest.example,see notes,Manufacturing,138,"$10,300,000",US,Georgia,Atlanta,Website Form,2025-12-22
N/A,HTTPS://WWW.COPPERWAVE.EXAMPLE,Clara,Jansen,,cjansen@copperwave.example,+1 512 555 0158,Retail,130+,$28M,United States of America,Washington,seattle,Trade Show,2026-08-24
Bluestack Group Inc,,diego,SOKOLOV, VP of Marketing ,diego.sokolov@bluestack.example,312-555-0167 x94,HEALTHCARE,13,undisclosed,US,Texas,Austin,Linked In,2026-07-11
Emberleaf Partners Inc,www.emberleaf-partners.example,Chloe,Haddad,CONTENT MARKETING SPECIALIST,chaddad@emberleaf-partners.example,(312) 555-0171,Logistics,90-210,$18M,US,CA,San Diego,Website Form,26 Jan 2026
Emberstack Labs ,https://www.emberstack-labs.example,Yara,Xu,,yara.xu@emberstack-labs.example,(514) 555-0118,MarTech,,$15.6M,canada,BC,Vancouver,outbound,22 Sep 2025
Swiftfield Solutions LTD,https://www.swiftfield-solutions.example,Mateo,Garrow,Account Executive,mateo.garrow@swiftfield-solutions.example,07700 900078,Hospitality ,260,"£45,900,000",Great Britain,West Midlands,Birmingham,Linked In,2026-08-03
"Coppermark, LLC",HTTPS://WWW.COPPERMARK.EXAMPLE,Jordan,  Yardley ,Chief Revenue Officer,jordan@coppermark.example,,Healthcare,,20100000,United States,Georgia,Atlanta,Content Download,06/21/2026
Cobaltline Digital Corp,cobaltline.example,sofia,Pemberton,SDR,spemberton@cobaltline.example,4045550141,marketing services,15,2400000,US,Washington,Seattle,linkedin,06/01/2025
  Brightmark Inc ,https://brightmark.example/about,clara,Sokolov,sales manager,clara.sokolov69@yahoo.com,+61 2 5550 9112,Cybersecurity,174,$25M,,VIC,Melbourne,Cold Outreach,2026-06-28
summitspring solutions,www.summitspring.example, Priya ,Gallagher,Director of Marketing,priya.gallagher76@yahoo.com,303.555.0108,marketing services,12,USD 1.6 million,,TX,Dallas,outbound,2025-11-12
Bluepoint Systems Ltd.  ,,Samuel,Fairbanks,,samuel.fairbanks@bluepoint.example,3125550199,cybersecurity,337,28600000,U.S.,California,Los Angeles,LinkedIn,2025/04/05
 Vertexgate Commerce ,http://vertexgate-commerce.example/,Tara,O'Donnell,  Content Marketing Specialist  ,todonnell@vertexgate-commerce.example,+91-98103-33286,Logistics,163,USD 31.4 million,India,karnataka,  Bengaluru  ,Website Form,2025-05-26
Juniperfield,www.juniperfield.example,Felix,Thornbury,VP of Marketing,fthornbury@juniperfield.example,(604) 555-0178,Manufacturing,unknown,"$59,100,000",CA,BC,Vancouver,Content Download,2026-06-21
Emberworks Digital,http://emberworks-digital.example/,Yara,Wakefield,VP Sales,ywakefield@emberworks-digital.example,3125550120,non profit,25,"$3,200,000",U.S.,Georgia, Atlanta  ,Website Form,16 Jan 2025
Bluestack Group Inc,bluestack.example,Lucas,Xu,CHIEF MARKETING OFFICER,lucas@bluestack.example,,Healthcare,13,"$3,000,000",United States of America,TX,Austin,Referral,
Velvetpoint Software Corp,https://velvetpoint.example/about,Quinn,Nakamura,Sales Director,quinn@velvetpoint.example,020 7946 0000,Cybersecurity,740,£86.1M,England,West Yorkshire,LEEDS,Cold Outreach,"Mar 18, 2026"
Quartzbridge Partners,https://www.quartzbridge.example,Ruby,Okafor,Content Marketing Specialist,ruby.okafor8@outlook.com,+1 512 555 0105,HR TECH,33,$4.8M,united states,NY,Brooklyn,web form,2025/08/05
Maplegrid Systems,https://maplegrid-systems.example/about,Avery,Sokolov,Account Executive,avery@maplegrid-systems.example,1-415-555-0161,Software,20,5000000,United States of America,MA,Cambridge,LinkedIn,"Jul 03, 2026"
Atlasloop Health L.L.C,www.atlasloop.example,Liam,Sokolov,Sales Manager,liam.sokolov@atlasloop.example,+1 512 555 0103,SaaS,approx. 75,18000000,United States,CO,Boulder,Content Download,2026-01-19
Prismbridge Logistics,www.prismbridge.example,Avery,whitfield,  CEO  ,awhitfield@prismbridge.example,+44 20 7946 0012,MarTech,177,32.3m,GB,WEST YORKSHIRE,Leeds,Webinar,2026-04-02
Bluespring Commerce LTD,bluespring.example,Yara,Ashworth,VP of Marketing,yara.ashworth@bluespring.example,+44 (0)20 7946 0098,Marketing Services,117,30000000,UK,Bristol,Bristol,Referral,2025/10/25
Nimbusleaf Logistics,https://nimbusleaf.example/about,Chloe,Holloway,CEO,chloe@nimbusleaf.example,01 99 00 62 17,,100,23.4m,France,ÎLE-DE-FRANCE,Paris,outbound,2026-07-21
SILVERLEAF SYSTEMS LTD,http://silverleaf.example/,freya,Dunmore,Growth Marketing Manager,Freya.dunmore@silverleaf.example,3125550105,SaaS,20-50,$4.4M,US,Georgia,Atlanta,Cold Outreach,2026-05-20
HARBORBRIDGE PARTNERS LTD  ,harborbridge.example,Maya,Wakefield,Operations Analyst,mwakefield@harborbridge.example,01 99 00 8,Logistics,90-210,12600000,France,Île-de-France,Paris,Webinar,2026/01/23
Silverleaf Commerce Corp,www.silverleaf.example,Yara,YARDLEY,VP of Marketing,mailto:yyardley@silverleaf.example,+44 20 7946 0081,Retail,approx. 174,"£45,000,000",,Bristol,Bristol,Website Form,2026/04/07
Meadowgate Inc,https://www.meadowgate.example,Zara,Wakefield,CEO,zwakefield@meadowgate.example,303-555-0148 x15,  Retail  ,736,undisclosed,United States of America,CO  ,  Denver  ,website,"May 18, 2025"
Quartzbridge Partners,,Vera,Moreau,,vmoreau@quartzbridge.example,(312) 555-0173,HR Tech,,4800000,U.S.,,,Cold Outreach,2026-02-02
Ridgebridge Systems Corp,ridgebridge-systems.example,Liam,ASHWORTH,Operations Analyst,lashworth@ridgebridge-systems.example,3125550160,  HEALTHCARE  ,570-1330,$229M,united states,CA,San Francisco,Webinar,2025-06-13
Ridgeloop Commerce,https://www.ridgeloop.example,Samuel,Quintero,"DIRECTOR, REVENUE OPERATIONS",samuel.quintero@ridgeloop.example,,e-commerce,31,undisclosed,United States of America,California,Los Angeles,LinkedIn,06/27/2026
Tidalpath Commerce Corp,www.tidalpath.example,Ethan,Xu,FOUNDER & CEO,ethan@tidalpath.example,4155550,,74,$10.7M,united states,IL,Chicago,Webinar,"Feb 08, 2026"
Quartzstack Labs,https://quartzstack.example/about,Avery,O'Donnell ,VP of Marketing,avery.odonnell@quartzstack.example,(02) 5550 9735,E-commerce,871,$173.4M,AU,VIC,Melbourne,Referral,"Oct 11, 2025"
Pinepoint Group Corp,,Rahul,Ashworth,VP of Marketing,rahul.ashworth53@gmail.com,N/A,Software,42,£5.7M,UK,West Midlands,Birmingham,Referral,01/10/2025
Atlasleaf Software Corp,www.atlasleaf-software.example,Avery,Hartley ,Head of Marketing,avery@atlasleaf-software.example,+61 2 5550 3723,HR Tech,30-70,"$6,300,000",AU,VIC,Melbourne,Cold Outreach,05 Mar 2025
Northwave Software,https://www.northwave-software.example/?utm_source=list,rosa,Sokolov,CMO,rosa.sokolov@northwave-software.example,+44 (0)20 7946 0055,Hospitality,10,"£1,800,000",United Kingdom,Greater London,London,LINKEDIN,"Apr 05, 2026"
Meadowgrid Labs Corp,https://www.meadowgrid.example/?utm_source=list,Hugo,Jansen,Account Executive,hugo@meadowgrid.example,+49 30 940 7484,E-Commerce,68,USD 5.1 million,Deutschland,Berlin, Berlin  ,,11/24/2025
Pinepath Commerce,https://www.pinepath.example,Tomasz,Thornbury,Content Marketing Specialist,tomasz.thornbury@pinepath.example,,Retail,203,,U.K.,West Midlands,birmingham,Trade Show,05/08/2026
CLEARSTACK SYSTEMS LTD,www.clearstack-systems.example,Leo,Haddad,"Director, Revenue Operations",leo@clearstack-systems.example,01 99 00 11 70,saas,unknown,USD 5.6 million,France,Auvergne-Rhône-Alpes,Lyon,Cold Outreach,2026/07/03
prismgate logistics corp,HTTPS://WWW.PRISMGATE.EXAMPLE,Sofia,Abernathy,Co-Founder,SOFIA.ABERNATHY74@YAHOO.COM,212.555.0133,Software,283,undisclosed,United States of America, massachusetts  ,boston,Content Download,06/14/2026
Ironworks Solutions Limited,www.ironworks-solutions.example,Anika,Abernathy,head of demand generation,anika.abernathy@ironworks-solutions.example,02 5550 5853,Marketing Services,40,$3.5M,Australia,New South Wales,Sydney,Referral,19 Jun 2025
Tidalstack  ,https://www.tidalstack.example/?utm_source=list,Ethan,Lindqvist,"Director, Revenue Operations",ethan@tidalstack.example,212-555-0190 x55,saas,250-590,$60.5M,U.S.,IL,Chicago,Website Form,08/18/2026
"Juniperline Digital, Inc.",juniperline.example,Umar,Underwood,Founder & CEO,uunderwood@juniperline.example,+49 30 819 2429,Fintech,88,10900000,DE,berlin,Berlin,LinkedIn,21 Feb 2026
Prismbridge Logistics,http://prismbridge.example/,freya,  DUNMORE  ,Head of Demand Generation,freya@prismbridge.example,+447700900035,martech,177,n/a,Great Britain,  West Yorkshire  ,Leeds,LinkedIn,2025-07-19T00:00:00
Vertexgate Systems Inc.,vertexgate-systems.example,Kenji,Haddad,Director of Marketing,kenji.haddad@vertexgate-systems.example,+91 98067 94352,SaaS,20,USD 2.3 million,,Karnataka ,Bengaluru,LinkedIn,2026-01-02T00:00:00
Pinestack Labs,pinestack.example,JORDAN,Thornbury,operations analyst,jordan.thornbury27@gmail.com,02 5550 1061,Software as a Service,16,$1.2M,Australia,New South Wales,Sydney,Website Form,2025-06-09
Ridgeleaf Systems Corp.,,Omar,Hartley,Growth Marketing Manager,OMAR.HARTLEY@RIDGELEAF-SYSTEMS.EXAMPLE,212.555.0162,Logistics,53,undisclosed,USA,NY,Brooklyn,LinkedIn,2025-01-20
  tidalsight labs inc ,http://tidalsight-labs.example/,Tara,Wakefield,Sales Manager,tara.wakefield@tidalsight-labs.example,123,HOSPITALITY  ,40-90,15.1m,England,Greater Manchester  ,MANCHESTER,LINKEDIN,30 Dec 2025
Umbermark,,  Jonah  ,DUNMORE,VP of Marketing, jonah@umbermark.example ,+44 (0)20 7946 0002,E-commerce,22,£5.7M,U.K.,BRISTOL,Bristol,web form,2025-12-26T00:00:00
quartzbridge partners,https://www.quartzbridge.example/?utm_source=list,OMAR,Thornbury,VP of Marketing,omar.thornbury@quartzbridge.example,404.555.0131,HR Tech,33,$4.8M,USA,New York,Brooklyn,Webinar,2026-05-09
Orbitfield Systems,http://orbitfield.example/,Umar,Mbeki,CEO,Umar.mbeki@orbitfield.example,+44 20 7946 0079,Fintech,,£12.6M,GB,West Midlands,Birmingham,LinkedIn,08/11/2025
Umberforge Partners Corp,www.umberforge-partners.example,LIAM,Novak,Director of Marketing,lnovak@umberforge-partners.example,+49 (0)30 4628678,Software,20,,DE,Hamburg,Hamburg,Website Form,2026/07/12
Sableforge Logistics,https://sableforge.example/about,Vera,Thornbury,Operations Analyst,vera.thornbury@sableforge.example,+33 1 99 00 92 36,Nonprofit,210+,40200000,France,Île-de-France,PARIS,Webinar,2025-11-26
"Coppergrid Group, LLC",coppergrid.example,Kenji,varga,SDR,kenji@coppergrid.example,07700 900042,Healthcare,214,"£37,700,000",Great Britain,West Yorkshire,Leeds,Website Form,"May 15, 2025"
  Vertexgate Systems inc ,https://www.vertexgate-systems.example/?utm_source=list,Mateo,Garrow,VP Sales,mateo.garrow@vertexgate-systems.example,, Software as a Service  ,20,"$2,300,000",IN,Karnataka,Bengaluru,Cold Outreach,2025/07/21
Sablesight Software Corp,HTTPS://WWW.SABLESIGHT.EXAMPLE,Rosa,Novak,Marketing Manager,rosa.novak@sablesight.example,020 7946 0082,software,160-380,"£60,300,000",GB,West Midlands,Birmingham,LinkedIn,2026/07/02
"COPPERGRID GROUP, LLC",http://coppergrid.example/,Mira,Thornbury,Marketing Assistant,mailto:mira.thornbury@coppergrid.example,+447700900039,Healthcare,214,37700000,U.K.,West Yorkshire,Leeds,linkedin,12/19/2025
Nimbusgrid Group Limited,, VERA  ,ellery,Sales Director,vera.ellery@nimbusgrid-group.example,(303) 555-0190, SAAS ,120-270,43100000,US,GA ,Atlanta,,18 Jun 2026
bluespring partners inc,HTTPS://WWW.BLUESPRING.EXAMPLE,Diego  ,O'Donnell,,dodonnell@bluespring.example,+1 206 555 0173,marketing services ,580+,$38.1M,United States of America,Colorado,Denver,LinkedIn,2026-05-12
Meadowfield Systems Inc,HTTPS://WWW.MEADOWFIELD.EXAMPLE,Samuel,Ellery,Growth Marketing Manager,samuel.ellery@meadowfield.example,+49 (0)30 8228810,Marketing Services,280+,"€27,500,000",,Hamburg,Hamburg,Linked In,2025-05-02
Cobaltfield Analytics,cobaltfield-analytics.example,Omar,Pemberton,CTO,omar.pemberton10@gmail.com,1-404-555-0132,Logistics,148,$33.8M,united states,IL,Chicago,Webinar,2026/08/12
Coppermark LLC,,samuel,delgado,Marketing Coordinator,SDELGADO@COPPERMARK.EXAMPLE,(512) 555-0123,Healthcare,approx. 123,$20.1M,US,GA,Atlanta ,Website Form,2026-04-28
Quartzloop Logistics LLC,,Hugo,Moreau,Director of Marketing,hugo.moreau@quartzloop.example,404-555-0138 x97,HR Tech,,6m,USA,NY,New York,,"Oct 20, 2025"
Umberloop Analytics,umberloop.example,umar,Okafor,Chief Revenue Officer,Umar.okafor@umberloop.example,07700 900046, E-commerce  ,272,USD 64.2 million,United Kingdom,West Midlands,Birmingham,Event,2025-02-08T00:00:00
Northfield Analytics Corporation,https://northfield-analytics.example/about,Hugo,Hartley,Director of Marketing,hugo.hartley@northfield-analytics.example,6175550194,Cyber Security,34,2400000,united states,GA, Atlanta ,,2025/03/21
bluesight labs ltd,https://bluesight.example/about,  Iris  ,Underwood,CEO,iris.underwood@bluesight.example,,,14,,United States of America,IL,Chicago,outbound,2026-08-15
QUARTZNEST DIGITAL,https://www.quartznest.example,Avery,Lindqvist,Marketing Manager,avery@quartznest.example,+33 1 99 00 97 52,Education,30-60,4600000,France,auvergne-rhône-alpes,Lyon,LinkedIn,2025-11-06T00:00:00
Ironworks Solutions Ltd,ironworks-solutions.example,Aisha,  Nakamura  ,Co-Founder,aisha.nakamura@ironworks-solutions.example,+61 2 5550 1719,Marketing Services,40,$3.5M,Australia,NSW,Sydney,Content Download,2025-05-14
Bluesight Health Inc,https://www.bluesight.example,Keira,Iyer, Growth Marketing Manager ,keira@bluesight.example,+33 1 99 00 78 62,Education,40-100,8.9m,FR,Île-de-France,Paris,Webinar,08 Apr 2025
 Ridgegrid Software inc ,https://www.ridgegrid.example,Vera,Cromwell,head of marketing,vcromwell@ridgegrid.example,212-555-0108 x33,SAAS,141,,U.S.,California,San Francisco,LinkedIn,24 Oct 2025
EMBERLEAF PARTNERS INC,https://emberleaf-partners.example/about, Lucas ,Quintero,Account Executive,lucas.quintero20@outlook.com,4155550143,Logistics,approx. 148,undisclosed,US,  CA ,San Diego,Content Download,07/02/2026
"ATLASWORKS, LLC  ",www.atlasworks.example,Zara,Quintero,director of marketing,zara.quintero@atlasworks.example,1-206-555-0177,E-Commerce,423,40700000,united states,IL,Chicago,LinkedIn,23 May 2025
"Ironwave Digital, Inc. ",,Priya,Fenwick,Co-Founder,priya.fenwick@ironwave.example,+33 1 99 00 73 08,Healthcare  ,23,"€3,900,000",France,Île-de-France,PARIS,Linked In,2026-03-02
Harborgrid Health Ltd,https://www.harborgrid-health.example/?utm_source=list,Rahul,Varga,CEO,mailto:rahul.varga@harborgrid-health.example,512.555.0194,SaaS,151,USD 28.1 million,U.S.,Washington,SEATTLE,Cold Outreach,2025-11-17
Lumenleaf Logistics,,Vera,Dunmore,Sales Manager,vera@lumenleaf.example,(416) 555-0171,Healthcare,40+,undisclosed,Canada,Quebec,Montreal,,2026-06-08
Prismscale Systems,,Leo,Blackwood,VP Sales,leo.blackwood22@gmail.com,(212) 555-0189,healthcare,15,USD 2.1 million,,California,Los Angeles,Referral,"Feb 24, 2025"
"TIDALFORGE PARTNERS, LLC",https://tidalforge.example/about,Keira,Ashworth,CTO,keira.ashworth@tidalforge.example,303-555-0163 x41,e commerce,105,"$8,000,000",United States of America,TX,Austin,Webinar,06/29/2025
Tidalforge Partners LLC,https://tidalforge.example/about,Sofia,Brennan,SDR,SBRENNAN@TIDALFORGE.EXAMPLE,212.555.0159,E-commerce,105,undisclosed,U.S.,TX,Austin,Linked In,2025/11/14
Umberloop Analytics,https://www.umberloop.example/?utm_source=list,Quinn,Fairbanks,cto,quinn.fairbanks@umberloop.example,+44 (0)20 7946 0049,E-COMMERCE,272,£64.2M,United Kingdom,WEST MIDLANDS,Birmingham,Cold Outreach,2026/01/04
 Nimbusgate ,https://www.nimbusgate.example, CLARA ,Ellery,Head of Marketing,cellery@nimbusgate.example,020 7946 0037,SaaS,265,£54.7M,Great Britain,West Midlands,Birmingham,web form,2025-02-06
Prismbridge Logistics,prismbridge.example,Ruby,Nakamura,Growth Marketing Manager,ruby@prismbridge.example,+447700900022,MarTech,177,£32.3M,UK,West Yorkshire,LEEDS,Referral,04/13/2026
Pinestack Labs,www.pinestack.example,Zara,Whitfield,CTO,zara.whitfield@pinestack.example,n/a,SAAS,16,,AU,New South Wales,SYDNEY,Content Download,06/02/2026
PRISMGATE LOGISTICS CORPORATION,http://prismgate.example/,Hannah,brennan,Head of Marketing,hannah.brennan@prismgate.example,123,Software,283,$61M,US,Massachusetts ,Boston,outbound,2025/08/08
Northleaf Solutions Corp.,,Sean,Dunmore,Sales Manager,sdunmore@northleaf-solutions.example,+447700900033,Fintech,10-20,USD 1.9 million,UK,  GREATER LONDON ,London,Referral,"Nov 01, 2025"
Umbernest Corp,https://www.umbernest.example,samuel,Pemberton,Sales Manager,spemberton@umbernest.example,+33 (0)1 99 00 4465,Software,8739,1151200000,,Auvergne-Rhône-Alpes,Lyon,,2025/03/22
COPPERFORGE DIGITAL LTD,copperforge.example,tomasz,Ashworth,Sales Director,tomasz.ashworth51@gmail.com,n/a,SaaS,70,£16.9M,U.K.,West Midlands,Birmingham,,14 Sep 2025
Emberloop Health Ltd,emberloop-health.example,Olivia,Holloway,VP of Marketing,olivia.holloway26@outlook.com,030 2757938,HEALTHCARE,37,USD 9.4 million,DE,Hamburg,Hamburg,Website Form,03 Jun 2026
UMBERNEST CORP.,https://www.umbernest.example,Ruby,HARTLEY, Sales Manager  ,ruby.hartley@umbernest.example,+33 (0)1 99 00 1425,Software,8739,1151.2m,France,AUVERGNE-RHÔNE-ALPES,Lyon,outbound,2025-07-07T00:00:00
SILVERLEAF COMMERCE CORP.,www.silverleaf.example,Rahul,  Fairbanks ,Founder & CEO,rfairbanks@silverleaf.example,07700 900091,Retail ,174,n/a,U.K.,Bristol  ,Bristol,Referral,14 May 2026
Brightmark inc,HTTPS://WWW.BRIGHTMARK.EXAMPLE,Pablo, fenwick  ,Account Executive ,pablo.fenwick@brightmark.example,,cybersecurity,174,USD 25 million,Aus,Victoria,Melbourne,Webinar,10/10/2025
Pinepath Commerce,https://www.pinepath.example,Tomasz,Varga,Sales Director,tvarga@pinepath.example,+44 (0)20 7946 0078,Retail,203,£19.3M,GB,  West Midlands  ,Birmingham,Cold Outreach,2025-10-06T00:00:00
Brightworks Health Incorporated,www.brightworks-health.example,VERA,Fairbanks,Sales Manager,vera.fairbanks@brightworks-health.example,(415) 555-0189,Fintech ,,86700000,U.S.,IL,CHICAGO,LINKEDIN,2026-05-24
Oakpath Logistics,https://oakpath.example/about,Tara,MBEKI,  SDR  ,tmbeki@oakpath.example,2125550116,,77,USD 12.3 million,united states,Texas,Houston,Content Download,02 Jul 2025
Harborgrid Health Ltd,HTTPS://WWW.HARBORGRID-HEALTH.EXAMPLE,Nadia,Pemberton,  Head of Marketing  ,nadia.pemberton@harborgrid-health.example,212.555.0181, SaaS ,151,undisclosed,United States of America,WA,SEATTLE,outbound,2025/05/07
JUNIPERSIGHT ANALYTICS INC,https://www.junipersight.example/?utm_source=list,Isaac,Fairbanks,,isaac.fairbanks@junipersight.example,512.555.0135,HR Tech,20-50,5.8m,United States,Georgia,Atlanta,Website Form,2025/06/02
Tidalpath Systems Corporation,https://tidalpath.example/about, Quinn ,Castellano,VP of Marketing,quinn.castellano@tidalpath.example,(416) 555-0174,Fintech,168,$39.2M,Canada,QC,montreal,Webinar,2025-12-05
Northstack Labs LLC,http://northstack.example/,Aisha,Kowalski,Content Marketing Specialist, aisha.kowalski@northstack.example ,512.555.0128,Retail,17,1.7m,US,CA,San Diego,LinkedIn,07/27/2025
Pinestack Labs,https://pinestack.example/about,Zara,Whitfield,CTO,zara.whitfield78@icloud.com,02 5550 4904,SaaS,,"$1,200,000",Australia,New South Wales,Sydney,Content Download,2026-06-02
tidalwave,https://www.tidalwave.example,Mateo,Zielinski,Sales Director,mateo.zielinski@tidalwave.example,512.555.0155,E-COMMERCE,480+,"$84,400,000",United States, WA  ,Seattle,,19 Apr 2025
Bluespring Commerce Ltd,https://bluespring.example/about,HUGO,Mbeki,Marketing Manager,hmbeki@bluespring.example,+447700900099,,70-160,30m,Great Britain,Bristol,Bristol,outbound,2026-05-22
Summitbridge L.L.C,http://summitbridge.example/,Olivia,Varga,Chief Revenue Officer,olivia.varga@summitbridge.example,206.555.0135,SAAS,95,"$18,700,000",United States,GA,Atlanta,Referral,2026-02-10T00:00:00
Silverbridge LLC,http://silverbridge.example/,Liam,Zielinski,CEO,<lzielinski@silverbridge.example>,+447700900051,  Software ,80-200,£34.2M,Great Britain,Scotland,Glasgow,Website Form,2026/07/25
Summitfield Corp,https://www.summitfield.example,Leila,Rasmussen,Head of Marketing,leila.rasmussen@summitfield.example,(415) 555-0157,Fintech,30+,undisclosed,US,Georgia,ATLANTA,Linked In,15 May 2025
Umbernest Corp,HTTPS://WWW.UMBERNEST.EXAMPLE,Kenji,HADDAD,Founder & CEO,kenji.haddad@umbernest.example,+33 1 99 00 99 04,SOFTWARE,"8,739",€1151.2M,FR,Auvergne-Rhône-Alpes,Lyon,Webinar,2025-01-07
Harbornest Logistics Inc.,harbornest.example,Felix,Cromwell,marketing manager ,fcromwell@harbornest.example,+44 (0)20 7946 0063,Fintech,191,£34.9M,UK,Bristol,Bristol,LINKEDIN,2026-05-03T00:00:00
Quartzstack Labs  ,https://quartzstack.example/about,Rosa,lindqvist,Marketing Manager,rosa.lindqvist@quartzstack.example,(02) 5550 5610,E-Commerce,871,USD 173.4 million,Aus,Victoria,melbourne,,2025/10/10
Northfield Solutions,http://northfield-solutions.example/,Sofia,FENWICK,Marketing Manager,mailto:sofia@northfield-solutions.example,4045550100,Software,330,$52.2M,united states,Massachusetts, Cambridge  ,Trade Show,2025-06-02
Silvernest Analytics,https://www.silvernest.example/?utm_source=list,Jonah,Underwood,Content Marketing Specialist,junderwood@silvernest.example,(312) 555-0173,Manufacturing,138,$10.3M,U.S.,GA,Atlanta,Website Form,2026-04-15T00:00:00
Tidalpath Commerce Corp.,https://tidalpath.example/about,Vera,O'Donnell,VP Sales,vera.odonnell@tidalpath.example,1-312-555-0109,,unknown,10700000,U.S.,IL,Chicago,Content Download,05/20/2025
 Pinebridge Commerce Inc.  ,pinebridge-commerce.example,Rosa,Sokolov,Head of Marketing,rosa.sokolov@pinebridge-commerce.example,030 8138447,SaaS,256,USD 55.7 million,,  BAVARIA ,Munich,LinkedIn,2025/07/25
 ,silverleaf-health.example,Sean,Nakamura,,sean.nakamura@silverleaf-health.example,+44 (0)20 7946 0011,Manufacturing,,21.9m,United Kingdom,Greater Manchester, Manchester ,tradeshow,15 Apr 2025
Ridgeloop Commerce  ,https://www.ridgeloop.example,Samuel,Quintero,"Director, Revenue Operations",samuel.quintero35@hotmail.co.uk,N/A,,31,,United States,California,Los Angeles,Linked In,2026-06-27T00:00:00
swiftmark,https://www.swiftmark.example,Sean,O'Donnell,Sales Manager,Sodonnell@swiftmark.example,+1 617 555 0171,,265,$36.2M,united states,Massachusetts,Boston,Webinar,2026/08/08
Ironmark Solutions,https://www.ironmark.example/?utm_source=list,Felix,Haddad,VP of Marketing,felix@ironmark.example,07700 900038,Software,49,8300000,U.K.,Greater London,London,Content Download,30 Mar 2026
Harborgrid Health Limited,,Imani,Whitfield,Marketing Manager,imani.whitfield27@hotmail.co.uk,+1 617 555 0141,SaaS,151,28100000,United States of America,Washington,Seattle,Website Form,2025/09/23
Junipergrid Commerce,www.junipergrid.example,sofia,Holloway,Account Executive,sholloway@junipergrid.example,+91 98273 24372,Software,133,n/a,India,Karnataka,Bengaluru,Website Form,2025/10/15
Silvermark Solutions Corp.,silvermark.example,Leo,Yardley,Content Marketing Specialist,leo.yardley72@hotmail.co.uk,096447 51822,Cybersecurity,84,$12.4M,IN,Karnataka,Bengaluru,Event,2025/06/27
Pinestack Labs,HTTPS://WWW.PINESTACK.EXAMPLE,Avery,Delgado,director of marketing,avery.delgado@pinestack.example,(02) 5550 8430,SaaS,16,1.2m,Australia,NSW ,Sydney,Cold Outreach,2025-03-18
"Bluestack Partners, Inc.",,Tomasz,Ashworth,Head of Marketing,tomasz.ashworth28@outlook.com,+1 212 555 0163,HR Tech,345,USD 27.8 million,US,Texas,Dallas,Content Download,20 Apr 2026
Bluepoint Systems LTD,http://bluepoint.example/,Chloe,Fairbanks,Content Marketing Specialist,chloe.fairbanks@bluepoint.example,206-555-0120 x74,cybersecurity,337,$28.6M,united states,California, Los Angeles ,web form,2026-07-04
 Nimbusgate ,https://www.nimbusgate.example, CLARA ,Ellery,Head of Marketing,cellery@nimbusgate.example,020 7946 0037,SaaS,265,£54.7M,Great Britain,West Midlands,Birmingham,web form,2025-02-06
Swiftforge Health,,Avery,Ellery,Sales Manager,avery.ellery@swiftforge.example,N/A,MarTech,,10.8m,U.S.,wa,Seattle,Webinar,
Meadowgate inc,https://www.meadowgate.example/?utm_source=list,Umar,brennan,Co-Founder,umar.brennan@meadowgate.example,N/A,  retail ,736,,US,CO,Denver,Content Download,2025-10-22
pinepoint logistics ltd,,Hannah,Yardley,VP of Marketing,hyardley@pinepoint.example,1-404-555-0106,Nonprofit  ,16,2.2m,United States,MA,Cambridge,Cold Outreach,2025-08-12
Silvermark Solutions Corp.,, Yara ,Ashworth,,yashworth@silvermark.example,+91 91883 93820,cybersecurity,,12400000,India,Karnataka,,Website Form,07/25/2026
Ironwave Commerce Corp.,ironwave.example,MARCUS,Ashworth, Founder & CEO ,mashworth@ironwave.example,1-303-555-0129,Real Estate,7,$731K,United States of America,ga,Atlanta,Cold Outreach,2026-06-17
Ironwave Digital inc,,Grace, zielinski  ,Content Marketing Specialist,gzielinski@ironwave.example,01 99 00 23 77,Healthcare,10-30,€3.9M,FR,île-de-france,Paris,Referral,"Mar 16, 2026"
"Silvermark Partners, LLC",https://www.silvermark.example/?utm_source=list,sean,Fairbanks,Director of Marketing,sean.fairbanks@silvermark.example,514.555.0109,SaaS,110-260,USD 32.3 million,CA,QC,Montreal,Referral,
Velvetspring Software Ltd,www.velvetspring.example,KEIRA,Whitfield,Chief Revenue Officer,kwhitfield@velvetspring.example,123,Healthcare,unknown,€42.8M,FR,Auvergne-Rhône-Alpes,Lyon,Trade Show,2025-06-05
Summitbridge LLC,,Umar,Wakefield,"Vice President, Growth", umar.wakefield@summitbridge.example ,415-555-0125 x40,SAAS,approx. 95,18.7m,USA,Georgia,Atlanta,Trade Show,2025-11-30
 Bluesight Group Ltd  ,https://www.bluesight.example,Hannah,Haddad,Sales Manager,hannah.haddad10@icloud.com,(02) 5550 9344,Healthcare,162,$25.8M,Aus,NSW,Sydney,website,2026-05-25
Atlasscale Health Limited,HTTPS://WWW.ATLASSCALE.EXAMPLE,Tomasz,Abernathy,Content Marketing Specialist,tomasz.abernathy@atlasscale.example,N/A,MarTech,55,USD 10.5 million,U.S.,CA,San Francisco,Webinar,"Feb 07, 2026"
Cobaltpoint,HTTPS://WWW.COBALTPOINT.EXAMPLE,Lucas,Wakefield,Growth Marketing Manager,lucas.wakefield27@yahoo.com,1-303-555-0144,Healthcare,280+,$58.8M,U.S.,california,San Francisco,website,04/21/2025
Northstack Labs llc,www.northstack.example,Hannah,Iyer,marketing manager,hannah.iyer76@outlook.com,212.555.0192,Retail,10-20,$1.7M,U.S.,California,san diego,Website Form,2026-02-15
Atlasworks LLC,,Zara,Quintero,DIRECTOR OF MARKETING,ZARA.QUINTERO@ATLASWORKS.EXAMPLE,303.555.0177,E-commerce,423,,USA,,,LinkedIn,2025-05-23
Prismstack Solutions Corp,https://www.prismstack.example/?utm_source=list,Samuel,Jansen,OPERATIONS ANALYST,SAMUEL@PRISMSTACK.EXAMPLE,+1 404 555 0135,FINTECH,92,23100000,USA,MA,Cambridge,,2025-09-21
IRONLINE SYSTEMS LLC,www.ironline.example,Grace,Castellano,Marketing Coordinator,grace.castellano@ironline.example,+44 20 7946 0069,Software,254,n/a,GB,Greater London,London,Website Form,2025-05-14T00:00:00
Northgrid,http://northgrid.example/,Diego,Ellery,Founder & CEO ,diego.ellery97@gmail.com,+49 30 412 9446,SaaS,19,€1.6M,Germany,Berlin,Berlin,Cold Outreach,
Silverleaf Commerce Corporation,http://silverleaf.example/,Pablo,Fairbanks,DIRECTOR OF MARKETING,pablo.fairbanks@silverleaf.example,07700 900017,Retail,174,£45M,UK,Bristol,Bristol,LinkedIn,"Apr 07, 2026"
Quartzloop Logistics llc,HTTPS://WWW.QUARTZLOOP.EXAMPLE,Olivia,Whitfield,Account Executive,owhitfield@quartzloop.example,,HR TECH,54,6000000,USA,NY,New York,Content Download,2026-03-22
Bluepoint Systems Ltd.,www.bluepoint.example,Tara,sokolov,,tsokolov@bluepoint.example,1-303-555-0178,Cybersecurity,,,,CA,LOS ANGELES,Content Download,01/23/2026
Emberworks Digital,https://www.emberworks-digital.example,Mateo,DUNMORE ,SDR,mdunmore@emberworks-digital.example,1-206-555-0145,Nonprofit,25,3200000,USA,GA,Atlanta,LinkedIn,29 Jun 2025
Junipergrid Commerce,https://www.junipergrid.example,Rosa,Wakefield,Founder & CEO,rosa@junipergrid.example,+91 99392 64412,Software,133,n/a,India,KARNATAKA  ,Bengaluru,linkedin,2025/05/07
Atlasnest Group Inc.,https://atlasnest.example/about,nathan,Rasmussen, VP of Marketing  ,Nrasmussen@atlasnest.example,212-555-0192 x88,Education,26,undisclosed,US,New York,BROOKLYN,LinkedIn,
Northline Analytics LTD,https://www.northline-analytics.example,OMAR,Abernathy,Account Executive,omar.abernathy@northline-analytics.example,02 5550 4388,Education,,undisclosed,Aus,new south wales,sydney,Website Form,2025-07-10T00:00:00
orbitline health llc,HTTPS://WWW.ORBITLINE-HEALTH.EXAMPLE,Liam,Fairbanks,Marketing Coordinator,Liam.fairbanks@orbitline-health.example,1-404-555-0193,,21,"$2,300,000",US,Colorado,Boulder,LinkedIn,"Nov 23, 2025"
Meadowforge,meadowforge.example,Priya,Ashworth,CEO,priya.ashworth@company,123,hr tech,211,20.7m,U.S.,Washington,Seattle,LinkedIn,14 May 2025
BLUEFORGE HEALTH CORPORATION,HTTPS://WWW.BLUEFORGE.EXAMPLE,Olivia,SOKOLOV,"Vice President, Growth",olivia.sokolov68@gmail.com,2125550172,Fintech,approx. 21,"$5,300,000",U.S.,NY,Brooklyn,LINKEDIN,2026-05-30
Northgrid,northgrid.example,Diego,Ellery,Founder & CEO  ,diego.ellery98@outlook.com,+49 30 244 7835,SAAS,19,undisclosed,Deutschland,Berlin,Berlin,Cold Outreach,2026-02-28T00:00:00
Meadowfield Systems Inc,HTTPS://WWW.MEADOWFIELD.EXAMPLE,Samuel,Ellery,Growth Marketing Manager,samuel.ellery@meadowfield.example,+49 (0)30 8228810,Marketing Services,280+,"€27,500,000",,Hamburg,Hamburg,Linked In,2025-05-02
 ,,Grace,o'donnell,VP Sales,grace@atlasline.example,07700 900073,Software as a Service,7,£929K,England,Greater London,London,Website Form,06/11/2026
 Bluepoint Systems LTD ,bluepoint.example,Leila  ,Blackwood ,VP of Marketing,leila.blackwood@bluepoint.example,212.555.0107,Cyber Security,337,n/a,USA,CALIFORNIA,Los Angeles,LinkedIn,2026-06-26
Silverleaf Commerce Corporation,https://www.silverleaf.example, Rosa  ,Whitfield,MARKETING MANAGER,rosa.whitfield@silverleaf.example,07700 900,  Retail ,100-240,,U.K.,Bristol,bristol,Webinar,05/21/2025
Swiftfield Solutions Ltd.,HTTPS://WWW.SWIFTFIELD-SOLUTIONS.EXAMPLE,  Keira  ,Sokolov,,ksokolov@swiftfield-solutions.example,+44 20 7946 0089,Hospitality,,,England,West Midlands,,Referral,02/20/2025
Juniperleaf Health,HTTPS://WWW.JUNIPERLEAF-HEALTH.EXAMPLE,Chloe,Novak,Marketing Coordinator,chloe.novak@juniperleaf-health.example,+447700900047,HR TECH,6849,794.1m,Great Britain,scotland,Edinburgh,Website Form,2025-10-29
Maplescale Group Ltd,,Jonah,Moreau,Account Executive,jmoreau@maplescale-group.example,,E-commerce,280+,,United States,NY,,Content Download,2026-05-02T00:00:00
Meadowgate Incorporated,HTTPS://WWW.MEADOWGATE.EXAMPLE,Oliver,Castellano,  Marketing Assistant ,oliver.castellano@meadowgate.example,312-555-0156 x77,RETAIL,unknown,undisclosed,USA,CO,Denver,outbound,05/17/2026
Northgrid,https://www.northgrid.example,grace,okafor, Marketing Coordinator ,grace.okafor46@outlook.com,030 8358890,SaaS,19,1.6m,Germany,Berlin,Berlin,Content Download,2026-07-08
Silverleaf Commerce Corp,http://silverleaf.example/, Quinn ,moreau,Head of Marketing,quinn@silverleaf.example,07700 900087,,,£45M,United Kingdom,Bristol,Bristol,Website Form,20 Jul 2026
Nimbusleaf Logistics,https://nimbusleaf.example/about,Chloe,Holloway,CEO,chloe@nimbusleaf.example,01 99 00 62 17,,100,23.4m,France,ÎLE-DE-FRANCE,Paris,outbound,2026-07-21
pinebridge commerce inc,www.pinebridge-commerce.example,Yara,JANSEN,Sales Manager,yara.jansen@pinebridge-commerce.example,030 1125663,SAAS,256,55.7m,Deutschland,Bavaria,Munich,web form,15 Mar 2026
  Nimbusleaf Logistics  ,https://www.nimbusleaf.example, Avery  ,varga,Marketing Manager,avarga@nimbusleaf.example,+33 (0)1 99 00 8884,SAAS,100,€23.4M,FR,Île-de-France,PARIS,Webinar,2025-07-13
Harborgrid Health Ltd,https://harborgrid-health.example/about,Quinn,Fenwick,CMO,quinn@harborgrid-health.example,+1 404 555 0163,  SaaS ,151,$28.1M,United States,WA,Seattle,LinkedIn,2025-02-19
Silvernest Analytics,https://silvernest.example/about,Leo,Blackwood,Head of Marketing,leo@silvernest.example,312.555.0123,MANUFACTURING,138,10300000,U.S.,Georgia,Atlanta,Cold Outreach,2025-05-09
Ridgebridge Systems Corporation,https://ridgebridge-systems.example/about, LUCAS  ,Pemberton, Director of Marketing  ,lucas@ridgebridge-systems.example,404-555-0160 x32,Healthcare,948,$229M,united states,CA,San Francisco  ,Cold Outreach,2025/05/20
Prismbridge Logistics,http://prismbridge.example/,Marcus,Whitfield,  Account Executive ,mwhitfield@prismbridge.example,020 7946 0045, MarTech  ,177,£32.3M,England,West Yorkshire,Leeds,LinkedIn,2025-10-16T00:00:00
Lumenpoint Software,https://www.lumenpoint.example,Olivia,Castellano,Marketing Coordinator,ocastellano@lumenpoint.example,(312) 555-0164,,44,9200000,united states,California,San Francisco,Referral,"Aug 19, 2026"
Swiftmark,swiftmark.example,LEO,Novak,,lnovak@swiftmark.example,+1 312 555 0168,saas,160-370,36200000,United States of America,MA,Boston,Cold Outreach,"Apr 26, 2026"
"Summitbridge, LLC",https://www.summitbridge.example/?utm_source=list, Isaac  ,Fenwick,"Vice President, Growth",isaac.fenwick@summitbridge.example,,SaaS,approx. 95,$18.7M,United States of America,Georgia,Atlanta  ,Website Form,2026-03-22T00:00:00
Tidalpath Systems Corporation,http://tidalpath.example/,Rosa ,Novak,VP Sales,rnovak@tidalpath.example,(416) 555-0156,Fintech,168,39.2m,,qc,Montreal,,"Feb 01, 2025"
Orbitgate Corp.,www.orbitgate.example,Chloe,Holloway,Head of Marketing,chloe.holloway@orbitgate.example,416.555.0102,HR TECH,499,$123.3M,Canada,ontario,Toronto,Cold Outreach,2025-01-10T00:00:00
Ironwave Digital Inc,,Anika,Larkin,  Sales Manager  ,anika.larkin at gmail,+33 1 99 00 69 26,Healthcare,23,"€3,900,000",FR,Île-de-France,Paris,LinkedIn,2026-03-10
Silverbridge LLC,https://www.silverbridge.example/?utm_source=list,Ethan,Novak,Content Marketing Specialist,ethan.novak@silverbridge.example,07700 900096,Software,141,£34.2M,GB,Scotland,Glasgow ,Cold Outreach,"May 27, 2025"
Ridgeline Systems,,Ethan,Sokolov,,ethan.sokolov@ridgeline-systems.example,,,460+,,Aus,VIC,Melbourne,Website Form,09/27/2025
Northgrid,northgrid.example,Marcus,Mbeki,Sales Director,marcus.mbeki@northgrid.example,+49 30 681 3286,  saas ,20+,€1.6M,DE,Berlin,Berlin,Cold Outreach,2025-04-15
Harborgrid Health Ltd,HTTPS://WWW.HARBORGRID-HEALTH.EXAMPLE,Nadia,Pemberton,  Head of Marketing  ,nadia.pemberton@harborgrid-health.example,212.555.0181, SaaS ,151,undisclosed,United States of America,WA,SEATTLE,outbound,2025/05/07
Swiftfield,https://swiftfield.example/about,Rahul,Novak,CEO,rahul@swiftfield.example,(604) 555-0133,Healthcare,31,2200000,CA,ON,Ottawa,website,"Mar 31, 2025"
Orbitpoint Health Limited,www.orbitpoint-health.example,priya,Gallagher,,priya.gallagher@orbitpoint-health.example,+91-95824-95166,Fintech,268,$44.7M,IN,Maharashtra,PUNE,Referral,2025-08-02
Blueforge Group,www.blueforge.example,Sean,  Moreau ,Account Executive,sean@blueforge.example,+1 312 555 0113,Manufacturing,73,USD 16.2 million,United States,wa ,Seattle  ,Website Form,05/10/2026
Tidalpath Systems Corp,http://tidalpath.example/,Pablo,Sokolov,Head of Marketing,Pablo.sokolov@tidalpath.example,514.555.0190,Fintech,168,$39.2M,CA,Quebec,MONTREAL,LinkedIn,11/20/2025
 Swiftstack Software  ,swiftstack-software.example,Ethan,Sokolov ,Director of Marketing,ethan.sokolov@swiftstack-software.example,07700 900005,Healthcare,76,USD 14.2 million,Great Britain,Bristol,Bristol,LinkedIn,2025-11-28T00:00:00
Ridgewave Corp,ridgewave.example,Pablo,Abernathy,CTO,Pablo.abernathy@ridgewave.example,,  Marketing Services  ,100-240,$32.5M,united states,CA,los angeles,Cold Outreach,07/18/2025
Quartznest Digital,www.quartznest.example,LEO,Haddad,"Director, Revenue Operations",leo.haddad85@outlook.com,01 99 00 10 60,Education,45,4600000,,Auvergne-Rhône-Alpes,Lyon,Referral,2025-11-02
Maplemark Digital,HTTPS://WWW.MAPLEMARK.EXAMPLE,Elena,Gallagher,Director of Marketing,elena@maplemark.example,02 5550 7125,Marketing Services,68,"$7,700,000",AU,  New South Wales  ,Sydney,LinkedIn,06 Dec 2025
,umbersight.example,Noah,Xu,Head of Marketing,noah.xu@umbersight.example,1-415-555-0161,marketing services,140-330,"$53,600,000",USA,Illinois,Chicago,Cold Outreach,2025-06-20
Orbitfield Systems,orbitfield.example,Mira,Castellano,SDR, mira.castellano27@hotmail.co.uk ,+44 20 7946 0010,Fintech,87,USD 12.6 million,U.K.,West Midlands,BIRMINGHAM,Webinar,2025-03-04T00:00:00
Atlasscale Health Ltd.,https://www.atlasscale.example,Elena,Lindqvist,"Vice President, Growth",elena.lindqvist@atlasscale.example,1-617-555-0113,MarTech,55,10.5m,United States of America,CA,San Francisco,LinkedIn,24 Jun 2025
Velvetspring Software Ltd.,https://www.velvetspring.example,Clara,Dunmore,Operations Analyst  ,cdunmore@velvetspring.example,see notes,healthcare,195,42.8m,France,Auvergne-Rhône-Alpes, Lyon  ,Linked In,2025-12-21T00:00:00
RIDGEFIELD DIGITAL,,Ruby,fairbanks,Content Marketing Specialist,rfairbanks@ridgefield-digital.example,n/a,Logistics,110+,"$14,800,000",CA,ON,Toronto,LinkedIn,2025-05-14
Nimbusgrid Group Ltd,,Maya,Delgado,CEO,Maya.delgado63@gmail.com,N/A,SaaS,193,undisclosed,United States,GA,Atlanta,Content Download,18 Oct 2025
